chr	start	end	strand	label	n_supporting	method	gene_name
1	633471	633472	+		2	m1A-seq,na	intergenic
1	1456333	1456334	+		1	m1A-MAP-seq	ATAD3C
1	1486652	1486653	+		1	m1A-seq	ATAD3B,ATAD3B,ATAD3B,ATAD3B
1	1524381	1524382	+		1	m1A-MAP-seq	ATAD3A,ATAD3A,ATAD3A,ATAD3A,ATAD3A
1	2184956	2184957	+		1	m1A-seq	PRKCZ,PRKCZ,PRKCZ,PRKCZ,PRKCZ,PRKCZ
1	2194771	2194772	-		1	m1A-MAP-seq	FAAP20,FAAP20,FAAP20,FAAP20,FAAP20,FAAP20
1	3739277	3739278	-		1	m1A-seq	TP73-AS1,TP73-AS1,TP73-AS1,TP73-AS1,TP73-AS1,TP73-AS1,TP73-AS1,TP73-AS1,TP73-AS1,TP73-AS1,TP73-AS1,TP73-AS1,TP73-AS1,TP73-AS1,TP73-AS1,TP73-AS1,TP73-AS1,TP73-AS1,TP73-AS1,TP73-AS1,TP73-AS1
1	3739635	3739636	-		1	m1A-seq	TP73-AS1,TP73-AS1,TP73-AS1,TP73-AS1,TP73-AS1,TP73-AS1,TP73-AS1,TP73-AS1,TP73-AS1,TP73-AS1,TP73-AS1,TP73-AS1,TP73-AS1,TP73-AS1,TP73-AS1,TP73-AS1,TP73-AS1,TP73-AS1,TP73-AS1,TP73-AS1,TP73-AS1,TP73-AS1
1	3785087	3785088	-		1	m1A-seq	LRRC47
1	6635380	6635381	-		1	m1A-seq	DNAJC11,DNAJC11,DNAJC11,DNAJC11
1	9104565	9104566	-		1	m1A-seq	GPR157,GPR157
1	10431374	10431375	+		1	m1A-seq	CENPS,CENPS,CENPS-CORT,CENPS-CORT,CENPS-CORT,CENPS-CORT,CENPS-CORT,CENPS
1	16397829	16397830	+		1	m1A-MAP-seq	SZRD1,SZRD1,SZRD1,(CTGCC)n
1	16535293	16535294	-		1	m1A-MAP-seq	LINC01783,tRNA-Glu-TTC-4-1,tRNA-Glu-GAA
1	16545953	16545954	-		2	m1A-MAP-seq,m1A-seq	tRNA-Gly-CCC-1-1,tRNA-Gly-GGG
1	16626473	16626474	-		2	m1A-MAP-seq,m1A-seq	CROCCP2,CROCCP2,CROCCP2,CROCCP2,CROCCP2
1	16678285	16678286	-		2	m1A-MAP-seq,m1A-seq	tRNA-Gly-CCC-4-1,tRNA-Gly-GGG
1	16727339	16727340	+		2	m1A-MAP-seq,m1A-seq	tRNA-Gly-GGG,tRNA-Gly-CCC-5-1
1	16861975	16861976	+		1	m1A-seq	tRNA-Gly-GGG,tRNA-Gly-CCC-1-2,CROCC
1	16872638	16872639	+		2	m1A-seq,na	BX284668.2,tRNA-Glu-GAA,BX284668.2,BX284668.2,CROCC,tRNA-Glu-TTC-3-1
1	16889734	16889735	+		3	m1A-MAP-seq,m1A-seq,na	tRNA-Asn-GTT-4-1,CROCC,tRNA-Asn-AAC
1	16946283	16946284	+		2	m1A-MAP-seq,m1A-seq	CROCC,CROCC,CROCC,CROCC,CROCC,CROCC
1	19126575	19126576	-		1	m1A-seq	UBR4,UBR4,UBR4,UBR4
1	25823103	25823104	+		1	m1A-seq	MTFR1L,MTFR1L,MTFR1L,MTFR1L,MTFR1L,MTFR1L,MTFR1L,MTFR1L,MTFR1L,MTFR1L,MTFR1L,MTFR1L,MTFR1L,MTFR1L,AL020996.2,MTFR1L,MTFR1L,MTFR1L,AL020996.2,MTFR1L,MTFR1L,MTFR1L,MTFR1L,MTFR1L
1	28648668	28648669	+		1	m1A-seq	RNU11,AL360012.1
1	29230873	29230874	-		1	m1A-seq	MECR,MECR,MECR,MECR,MECR,MECR,MECR,MECR,MECR,MECR
1	29236705	29236706	+		2	m1A-MAP-seq,m1A-seq	PTPRU,PTPRU,PTPRU,PTPRU
1	31065716	31065717	-		1	m1A-MAP-seq	PUM1,PUM1,PUM1
1	32171660	32171661	+		1	m1A-seq	AL049795.2,KPNA6,KPNA6
1	32195170	32195171	+		1	m1A-seq	TXLNA,TXLNA
1	32964191	32964192	-		1	m1A-seq	RNF19B,RNF19B,RNF19B
1	33014549	33014550	-		1	m1A-seq	AK2,AK2,AK2,AK2,AK2,AK2,AK2,AK2,AK2
1	34985329	34985330	-		1	m1A-MAP-seq	TMEM35B,AC114490.2
1	35603329	35603330	-		1	m1A-seq	PSMB2,PSMB2,PSMB2
1	36156151	36156152	+		1	m1A-MAP-seq	MAP7D1,MAP7D1
1	36397905	36397906	-		1	m1A-MAP-seq	LSM10
1	39005104	39005105	+		1	m1A-seq	AluSx1,AKIRIN1
1	40161376	40161377	+		1	m1A-MAP-seq	intergenic
1	42335157	42335158	-		1	m1A-seq	FOXJ3,FOXJ3,FOXJ3,FOXJ3
1	46248230	46248231	+		1	m1A-seq	RAD54L,RAD54L,RAD54L,RAD54L,RAD54L
1	51878749	51878750	-		1	m1A-MAP-seq	NRDC,NRDC,NRDC,NRDC
1	53238542	53238543	-		1	m1A-MAP-seq	intergenic
1	67686390	67686391	+		1	m1A-seq	GADD45A,GADD45A,GADD45A,GADD45A,GADD45A,GADD45A,GADD45A
1	77219429	77219430	-		1	m1A-MAP-seq	PIGK,PIGK
1	84078078	84078079	+		1	m1A-MAP-seq	PRKACB,(CCG)n
1	84479258	84479259	+		1	m1A-MAP-seq	RPF1
1	93516291	93516292	-		1	m1A-MAP-seq	tRNA-Cys-TGY,tRNA-Cys-GCA-7-1
1	93847641	93847642	+		2	m1A-MAP-seq,m1A-seq	tRNA-Arg-TCT-1-1,AL049796.1,tRNA-Arg-AGA
1	94903146	94903147	-		1	m1A-seq	CNN3,CNN3,CNN3,CNN3,CNN3,CNN3
1	94926994	94926995	-		1	m1A-seq	CNN3,CNN3
1	109740315	109740316	-		1	m1A-MAP-seq	GSTM3,GSTM3,GSTM3
1	110034612	110034613	+		1	m1A-MAP-seq	STRIP1
1	112619831	112619832	+		1	m1A-MAP-seq	CAPZA1,CAPZA1,CAPZA1,CAPZA1
1	114716781	114716782	-		1	m1A-MAP-seq	intergenic
1	120844276	120844277	-		2	m1A-MAP-seq,na	tRNA-Asn-GTT-7-1,tRNA-Asn-AAC
1	121016859	121016860	-		2	m1A-MAP-seq,m1A-seq	tRNA-Gly-GGG,tRNA-Gly-CCC-6-1,AC241377.2
1	121020743	121020744	-		2	m1A-MAP-seq,na	AC241377.2,tRNA-Val-GTG,tRNA-Val-CAC-5-1
1	143661196	143661197	-		1	m1A-MAP-seq	tRNA-His-GTG-2-1,tRNA-His-CAY_
1	143735934	143735935	-		2	m1A-MAP-seq,m1A-seq	tRNA-Asn-AAC,tRNA-Asn-GTT-6-1
1	143800055	143800056	-		2	m1A-MAP-seq,m1A-seq	tRNA-Gly-GGG,tRNA-Val-CAC-8-1
1	143804008	143804009	-		1	m1A-seq	tRNA-Val-CAC-4-1,tRNA-Val-GTG
1	143831722	143831723	-		1	m1A-MAP-seq	tRNA-Asn-GTT-12-1,tRNA-Asn-AAC
1	144419324	144419325	+		2	m1A-seq,na	tRNA-Asn-GTT-3-1,tRNA-Asn-AAC
1	145129296	145129297	+		2	m1A-MAP-seq,m1A-seq	tRNA-Asn-AAC
1	145459713	145459714	+		1	m1A-seq	tRNA-Gln-CTG-3-1,tRNA-Gln-CAG
1	145475395	145475396	-		1	m1A-seq	tRNA-Asn-AAC,tRNA-Asn-GTT-9-1
1	148011113	148011114	+		1	m1A-MAP-seq	tRNA-Gly-GGG
1	148048530	148048531	-		2	m1A-MAP-seq,m1A-seq	tRNA-Asn-AAC,tRNA-Asn-GTT-9-2
1	148265122	148265123	-		1	m1A-MAP-seq	tRNA-Gln-CAG,tRNA-Gln-CTG-4-1
1	148308936	148308937	-		1	m1A-seq	LINC01138,LINC01138,tRNA-Glu-TTC-6-1,LINC01138,tRNA-Glu-GAA
1	148353616	148353617	+		3	m1A-MAP-seq,m1A-seq,na	tRNA-Gln-CTG-9-1,tRNA-Gln-CAG
1	149740262	149740263	-		1	m1A-seq	tRNA-Asn-GTT-8-1,AC243772.3,tRNA-Asn-AAC,AC243772.3,AC243772.3
1	149852970	149852971	+		1	m1A-seq	HIST2H3A
1	150579609	150579610	-		1	m1A-MAP-seq	MCL1,MCL1
1	151008505	151008506	+		2	m1A-MAP-seq,m1A-seq	PRUNE1,PRUNE1,PRUNE1,PRUNE1,PRUNE1,PRUNE1,PRUNE1,PRUNE1,PRUNE1
1	153982409	153982410	-		1	m1A-seq	RAB13,RAB13,RAB13,AL358472.6,RAB13
1	154183217	154183218	-		1	m1A-MAP-seq	TPM3,TPM3,TPM3,TPM3,TPM3,TPM3,TPM3,TPM3
1	155015805	155015806	+		1	m1A-seq	ZBTB7B,ZBTB7B,ZBTB7B,ZBTB7B
1	155238220	155238221	-		1	m1A-seq	GBA,GBA,GBA,GBA,GBA,GBA,GBA,GBA,GBA
1	155255482	155255483	-		1	m1A-MAP-seq	FAM189B,FAM189B,FAM189B
1	156077330	156077331	-		1	m1A-seq	MEX3A,MEX3A
1	156500831	156500832	-		1	m1A-MAP-seq	intergenic
1	156595294	156595295	-		1	m1A-seq	GPATCH4,GPATCH4
1	156722485	156722486	-		1	m1A-MAP-seq	ISG20L2,AluY,ISG20L2
1	159141625	159141626	-		2	m1A-MAP-seq,m1A-seq	tRNA-Arg-TCT-4-1,tRNA-Arg-AGA,AIM2
1	160239923	160239924	-		2	m1A-MAP-seq,m1A-seq	DCAF8,DCAF8,DCAF8,AL139011.2,DCAF8,DCAF8,DCAF8,AL139011.2,DCAF8
1	160311903	160311904	-		1	m1A-seq	COPA,COPA,COPA,COPA,COPA,COPA,COPA,COPA,COPA,COPA,COPA,COPA,COPA
1	161118128	161118129	+		1	m1A-MAP-seq	NIT1,NIT1,NIT1,NIT1,NIT1,NIT1,NIT1,NIT1,NIT1,NIT1
1	161314380	161314381	+		1	m1A-MAP-seq	SDHC,SDHC,SDHC
1	161399714	161399715	-		2	m1A-seq,na	tRNA-Val-GTG,tRNA-Val-CAC-1-1
1	161440185	161440186	-		2	m1A-MAP-seq,m1A-seq	tRNA-Gly-GGA,AL831711.1,AL592295.3,tRNA-Gly-TCC-4-1
1	161443358	161443359	+		2	m1A-MAP-seq,m1A-seq	tRNA-Gly-GCC-1-1,tRNA-Gly-GGY
1	161447242	161447243	-		1	m1A-seq	AL592295.3,tRNA-Glu-CTC-1-2,tRNA-Glu-GAG_
1	161447599	161447600	-		2	m1A-seq,na	AL592295.3,tRNA-Gly-TCC-2-2,tRNA-Gly-GGA
1	161454980	161454981	-		2	m1A-seq,na	AL592295.3,tRNA-Gly-GGA,tRNA-Gly-TCC-2-3
1	161458162	161458163	+		1	m1A-seq	tRNA-Gly-GCC-1-3,tRNA-Gly-GGY
1	161462033	161462034	-		1	m1A-seq	tRNA-Glu-CTC-1-4,AL592295.3,tRNA-Glu-GAG_
1	161465522	161465523	+		1	m1A-seq	tRNA-Gly-GGY,tRNA-Gly-GCC-1-4
1	161470429	161470430	-		1	m1A-seq	tRNA-Asp-GTC-2-5,AL592295.3,tRNA-Asp-GAY
1	161523861	161523862	-		2	m1A-seq,na	tRNA-Gly-GCC-2-1,tRNA-Gly-GGY
1	161531168	161531169	+		2	m1A-seq,na	tRNA-Gly-TCC-2-6,tRNA-Gly-GGA,AL590385.2
1	161540298	161540299	+		1	m1A-seq	tRNA-Asn-GTT-1-1,AL590385.2,tRNA-Asn-AAC
1	161612773	161612774	+		1	m1A-seq	tRNA-Gly-GGA,tRNA-Glu-TTC-5-1
1	166854179	166854180	+		1	m1A-seq	POGK,POGK
1	167715502	167715503	-		2	m1A-MAP-seq,m1A-seq	tRNA-Pro-CCY,tRNA-Pro-AGG-2-1
1	167789546	167789547	+		1	m1A-seq	MPZL1,MPZL1
1	171792118	171792119	+		2	m1A-MAP-seq,m1A-seq	EEF1AKNMT,EEF1AKNMT,EEF1AKNMT,EEF1AKNMT
1	201135368	201135369	-		1	m1A-seq	TMEM9,TMEM9,TMEM9,TMEM9,TMEM9
1	201863580	201863581	+		1	m1A-seq	IPO9
1	201877452	201877453	+		2	m1A-MAP-seq,m1A-seq	IPO9,AluSz
1	205474199	205474200	+		1	m1A-MAP-seq	tRNA-Lys-AAA,tRNA-Lys-TTT-8-1
1	214603194	214603195	+		1	m1A-MAP-seq	CENPF,CENPF
1	222465061	222465062	+		1	m1A-seq	tRNA-Thr-ACA,tRNA-Thr-TGT-2-1
1	224183239	224183240	+		1	m1A-MAP-seq	DEGS1,DEGS1
1	224433731	224433732	-		1	m1A-MAP-seq	WDR26,WDR26,WDR26,WDR26,WDR26,WDR26,WDR26,WDR26
1	227735217	227735218	-		1	m1A-seq	JMJD4,JMJD4,JMJD4,JMJD4
1	230323011	230323012	-		1	m1A-seq	PGBD5
1	230868263	230868264	-		1	m1A-seq	C1orf198,C1orf198,C1orf198,C1orf198
1	231019934	231019935	-		1	m1A-seq	FAM89A,FAM89A,FAM89A
1	234607737	234607738	-		1	m1A-seq	IRF2BP2,IRF2BP2,IRF2BP2
1	235649731	235649732	-		1	m1A-seq	GNG4,GNG4,GNG4
1	244851051	244851052	-		1	m1A-MAP-seq	HNRNPU,HNRNPU,FLAM_C,HNRNPU,HNRNPU,HNRNPU,HNRNPU,HNRNPU,HNRNPU,HNRNPU
1	248873944	248873945	+		1	m1A-MAP-seq	tRNA-Leu-CAA-4-1,tRNA-Leu-TTG
1	248874303	248874304	+		1	m1A-MAP-seq	tRNA-Glu-GAG_,tRNA-Glu-CTC-2-1
1	248874316	248874317	+		1	m1A-seq	tRNA-Glu-GAG_,tRNA-Glu-CTC-2-1
10	1044095	1044096	-		1	m1A-seq	IDI1,IDI1,IDI1,IDI1,IDI1
10	5853725	5853726	-		2	m1A-MAP-seq,m1A-seq	tRNA-Val-GTA,tRNA-Val-TAC-3-1
10	12196187	12196188	+		1	m1A-MAP-seq	CDC123,CDC123,CDC123
10	15860519	15860520	-		1	m1A-MAP-seq	intergenic
10	22229523	22229524	-		2	m1A-seq,na	tRNA-Asn-GTT-2-3,tRNA-Asn-AAC
10	37602059	37602060	-		1	m1A-MAP-seq	MTRNR2L7
10	58269123	58269124	+		1	m1A-MAP-seq	intergenic
10	67764568	67764569	+		2	m1A-MAP-seq,m1A-seq	tRNA-Ser-TGA-1-1,tRNA-Ser-TCA
10	69384850	69384851	+		1	m1A-seq	HK1,HK1,HK1,HK1,HK1,HK1,HK1,HK1
10	70422030	70422031	+		2	m1A-MAP-seq,m1A-seq	EIF4EBP2
10	72345027	72345028	-		1	m1A-seq	DNAJB12,DNAJB12,DNAJB12,DNAJB12
10	73247254	73247255	-		1	m1A-MAP-seq	DNAJC9
10	73874408	73874409	-		1	m1A-seq	CAMK2G,CAMK2G,CAMK2G,CAMK2G,CAMK2G,CAMK2G,CAMK2G,CAMK2G
10	95237928	95237929	-		1	m1A-seq	PDLIM1
10	95693927	95693928	-		1	m1A-MAP-seq	TCTN3,TCTN3,TCTN3
10	100987496	100987497	-		1	m1A-MAP-seq	MRPL43,MRPL43,MRPL43,MRPL43,MRPL43,MRPL43
10	102159964	102159965	+		1	m1A-seq	NOLC1,NOLC1,NOLC1,NOLC1,NOLC1,NOLC1,NOLC1
10	102395704	102395705	+		1	m1A-MAP-seq	NFKB2,NFKB2,NFKB2,NFKB2,NFKB2
10	132205306	132205307	+		1	m1A-seq	DPYSL4
11	295504	295505	+		1	m1A-MAP-seq	PGGHG,PGGHG,PGGHG,PGGHG
11	694805	694806	-		1	m1A-seq	DEAF1,DEAF1,DEAF1
11	770704	770705	-		1	m1A-seq	GATD1,GATD1,GATD1,GATD1,GATD1,GATD1,GATD1,GATD1,GATD1,GATD1
11	2635501	2635502	-		1	m1A-MAP-seq	KCNQ1OT1,L1PA5
11	2944867	2944868	-		1	m1A-seq	NAP1L4,NAP1L4,NAP1L4
11	6603612	6603613	-		1	m1A-MAP-seq	RRP8
11	6608084	6608085	+		1	m1A-seq	ILK,ILK,ILK,ILK,ILK,ILK,ILK,ILK,ILK,ILK,ILK,ILK
11	10508026	10508027	-		1	m1A-MAP-seq	MTRNR2L8
11	10508241	10508242	-		2	m1A-MAP-seq,m1A-seq	MTRNR2L8
11	10508825	10508826	-		2	m1A-MAP-seq,m1A-seq	MTRNR2L8
11	10509112	10509113	-		1	m1A-MAP-seq	MTRNR2L8
11	10509248	10509249	-		1	m1A-seq	intergenic
11	27506766	27506767	-		1	m1A-MAP-seq	LIN7C,LIN7C
11	33736422	33736423	-		1	m1A-MAP-seq	CD59,CD59,CD59,CD59,CD59,CD59
11	46433621	46433622	-		1	m1A-seq	AMBRA1,AMBRA1,AMBRA1,AMBRA1,AMBRA1
11	47580928	47580929	+		1	m1A-seq	NDUFS3,NDUFS3,NDUFS3,NDUFS3,NDUFS3,NDUFS3,NDUFS3
11	57313257	57313258	-		1	m1A-seq	TNKS1BP1,TNKS1BP1,TNKS1BP1
11	59550643	59550644	-		1	m1A-seq	tRNA-Val-GTA,tRNA-Val-TAC-1-1
11	59551001	59551002	-		2	m1A-MAP-seq,m1A-seq	tRNA-Val-GTA,tRNA-Val-TAC-2-1
11	59551363	59551364	+		1	m1A-MAP-seq	tRNA-Arg-TCT-3-2,tRNA-Arg-AGA
11	59551821	59551822	+		2	m1A-MAP-seq,m1A-seq	tRNA-Leu-TAA-3-1,tRNA-Leu-TTA
11	59556485	59556486	+		2	m1A-MAP-seq,m1A-seq	tRNA-Lys-TTT-5-1,tRNA-Lys-AAA
11	59566394	59566395	-		1	m1A-seq	tRNA-Phe-TTY,tRNA-Phe-GAA-2-1
11	61324091	61324092	-		1	m1A-seq	DDB1,DDB1,DDB1,DDB1,DDB1,DDB1,DDB1,DDB1,DDB1,DDB1
11	61332996	61332997	-		1	m1A-seq	DDB1,DDB1,DDB1,DDB1,DDB1,DDB1,DDB1
11	61873744	61873745	-		2	m1A-MAP-seq,m1A-seq	FADS3,FADS3,FADS3,FADS3,FADS3
11	62596066	62596067	-		1	m1A-seq	MTA2,MTA2,MTA2,MTA2
11	62679094	62679095	-		1	m1A-MAP-seq	UBXN1,UBXN1
11	62805441	62805442	-		1	m1A-MAP-seq	NXF1,NXF1,NXF1,NXF1,NXF1
11	62807541	62807542	-		1	m1A-seq	STX5,STX5,STX5,STX5,STX5
11	62871651	62871652	+		1	m1A-seq	SLC3A2,SLC3A2,SLC3A2,SLC3A2,SLC3A2
11	64316357	64316358	+		1	m1A-seq	ESRRA,ESRRA,ESRRA
11	64321056	64321057	+		1	m1A-seq	PRDX5,PRDX5,PRDX5
11	65430063	65430064	+		1	m1A-seq	NEAT1,MIRb
11	65506158	65506159	+		1	m1A-seq	MALAT1,MALAT1,RF01684,MALAT1,MALAT1,MALAT1,MALAT1
11	65654139	65654140	-		1	m1A-seq	RELA,RELA,RELA,RELA,RELA,RELA,RELA
11	66345901	66345902	-		1	m1A-seq	MIRc,B4GAT1
11	66616629	66616630	+		1	m1A-MAP-seq	RBM14-RBM4,RBM14,RBM14-RBM4,RBM14,RBM14,RBM14
11	68030731	68030732	+		1	m1A-seq	NDUFS8,NDUFS8,NDUFS8,NDUFS8,NDUFS8,NDUFS8,NDUFS8
11	68426061	68426062	+		1	m1A-seq	LRP5,LRP5
11	70433195	70433196	+		1	m1A-seq	CTTN,CTTN,CTTN,CTTN,CTTN,CTTN
11	72003481	72003482	-		1	m1A-seq	NUMA1,NUMA1,NUMA1,NUMA1,NUMA1,NUMA1,NUMA1,NUMA1
11	74235921	74235922	+		1	m1A-seq	PPME1,PPME1,PPME1,PPME1
11	76235839	76235840	-		1	m1A-MAP-seq	tRNA-Pro-CCA,tRNA-Pro-TGG-2-1
11	83157125	83157126	+		1	m1A-MAP-seq	PCF11
11	93784281	93784282	+		1	m1A-MAP-seq	MED17,MED17,MED17,MED17,MED17,MED17,AP001273.2,MED17
11	103092205	103092206	-		1	m1A-MAP-seq	intergenic
11	108367087	108367088	+		1	m1A-MAP-seq	ATM,ATM,ATM
11	115504414	115504415	-		1	m1A-MAP-seq	CADM1,CADM1,CADM1,CADM1,CADM1,CADM1,CADM1,CADM1,CADM1
11	122560003	122560004	+		2	m1A-MAP-seq,m1A-seq	tRNA-Lys-TTT-2-1,tRNA-Lys-AAA
11	129895577	129895578	-		1	m1A-MAP-seq	NFRKB,NFRKB,NFRKB
12	1691159	1691160	+		1	m1A-MAP-seq	ADIPOR2,ADIPOR2
12	2877222	2877223	+		1	m1A-MAP-seq	RHNO1,TULP3,RHNO1,RHNO1,RHNO1,RHNO1,RHNO1,RHNO1,RHNO1,RHNO1
12	2890890	2890891	+		1	m1A-MAP-seq	TULP3,TULP3,TULP3,TULP3,TULP3
12	2959343	2959344	+		1	m1A-MAP-seq	TEAD4
12	6531753	6531754	+		1	m1A-seq	NCAPD2,AluSp
12	6753140	6753141	-		1	m1A-MAP-seq	MLF2,MLF2
12	6970679	6970680	-		1	m1A-MAP-seq	PHB2,PHB2,PHB2,PHB2,PHB2,PHB2
12	6976789	6976790	-		1	m1A-MAP-seq	LPCAT3,LPCAT3
12	27690422	27690423	+		1	m1A-MAP-seq	tRNA-Lys-TTT-11-1,PPFIBP1,PPFIBP1,PPFIBP1,PPFIBP1,tRNA-Lys-AAA,PPFIBP1,PPFIBP1
12	48937894	48937895	-		1	m1A-seq	ARF3,AC073610.2,AC073610.3
12	49741556	49741557	+		1	m1A-MAP-seq	TMBIM6,TMBIM6,TMBIM6,TMBIM6,TMBIM6,TMBIM6,TMBIM6,TMBIM6,TMBIM6,TMBIM6,TMBIM6
12	53027896	53027897	+		1	m1A-seq	EIF4B,EIF4B,EIF4B,EIF4B,EIF4B,EIF4B
12	53321609	53321610	-		1	m1A-MAP-seq	AAAS,AAAS,AAAS,AAAS,AAAS,AAAS,AAAS,AAAS
12	54325138	54325139	+		1	m1A-MAP-seq	COPZ1,COPZ1,COPZ1,COPZ1,COPZ1,COPZ1,COPZ1,COPZ1,AC078778.1,COPZ1,COPZ1,COPZ1,COPZ1,COPZ1
12	55749943	55749944	+		1	m1A-MAP-seq	GDF11,GDF11
12	55752834	55752835	-		1	m1A-seq	SARNP,SARNP
12	55927893	55927894	-		1	m1A-MAP-seq	PYM1,PYM1
12	56136860	56136861	+		1	m1A-seq	ESYT1,ESYT1
12	56162605	56162606	-		1	m1A-seq	AC073896.4,SMARCC2
12	56190429	56190430	+		2	m1A-MAP-seq,m1A-seq	tRNA-Ser-TCG,tRNA-Ser-CGA-4-1
12	56630325	56630326	-		1	m1A-MAP-seq	BAZ2A,BAZ2A,BAZ2A,BAZ2A
12	56645851	56645852	-		1	m1A-seq	ATP5F1B,ATP5F1B,ATP5F1B,ATP5F1B,ATP5F1B,ATP5F1B
12	57498493	57498494	+		1	m1A-seq	MARS,MARS,MARS,MARS,MARS,MARS,MARS
12	69239571	69239572	+		1	m1A-MAP-seq	CPSF6,CPSF6
12	69262534	69262535	+		1	m1A-seq	CPSF6,CPSF6,(GAGACC)n,CPSF6,CPSF6,CPSF6
12	69598343	69598344	+		1	m1A-seq	CCT2,CCT2,CCT2,CCT2
12	70278213	70278214	+		1	m1A-seq	CNOT2,CNOT2,CNOT2,CNOT2,CNOT2,CNOT2,CNOT2,CNOT2,CNOT2,CNOT2,CNOT2,CNOT2,CNOT2,CNOT2,CNOT2,CNOT2,CNOT2,CNOT2,CNOT2,CNOT2,CNOT2,CNOT2,CNOT2,CNOT2,CNOT2,CNOT2
12	70366933	70366934	+		2	m1A-MAP-seq,m1A-seq	KCNMB4
12	96036028	96036029	+		1	m1A-seq	tRNA-Asp-GTC-2-8,tRNA-Asp-GAY
12	98503510	98503511	+		2	m1A-MAP-seq,m1A-seq	tRNA-Asp-GAY,tRNA-Asp-GTC-1-1
12	98503558	98503559	+		2	m1A-MAP-seq,m1A-seq	tRNA-Asp-GAY,tRNA-Asp-GTC-1-1
12	98504307	98504308	+		2	m1A-MAP-seq,m1A-seq	tRNA-Trp-TGG,tRNA-Trp-CCA-4-1
12	106238270	106238271	-		1	m1A-seq	CKAP4
12	109596920	109596921	+		1	m1A-seq	MVK,MVK,MVK,MVK,MVK,MVK,MVK,MVK,MVK
12	109999429	109999430	+		1	m1A-MAP-seq	ANKRD13A,ANKRD13A
12	113276970	113276971	+		1	m1A-seq	TPCN1,TPCN1,TPCN1,TPCN1,TPCN1,TPCN1,TPCN1
12	117028370	117028371	+		1	m1A-seq	FBXW8,FBXW8,FBXW8
12	120097365	120097366	-		1	m1A-seq	RAB35,RAB35,RAB35,RAB35,RAB35
12	120438112	120438113	+		1	m1A-MAP-seq	COX6A1,COX6A1
12	120460925	120460926	+		1	m1A-MAP-seq	GATC,AluY
12	122226051	122226052	-		1	m1A-MAP-seq	DIABLO,DIABLO,DIABLO,DIABLO,DIABLO,DIABLO,DIABLO,AC048338.1,DIABLO,DIABLO
12	122980703	122980704	+		1	m1A-seq	ARL6IP4,ARL6IP4,AC026362.1,ARL6IP4,ARL6IP4,ARL6IP4,ARL6IP4,ARL6IP4,ARL6IP4,ARL6IP4,ARL6IP4,ARL6IP4,ARL6IP4
12	124012696	124012697	+		2	m1A-MAP-seq,m1A-seq	ZNF664,RFLNA,ZNF664,ZNF664,ZNF664,AC068790.8,RFLNA
12	124911941	124911942	-		1	m1A-seq	UBC,UBC,UBC,UBC
12	124921769	124921770	-		1	m1A-seq	tRNA-Ala-GCG,tRNA-Ala-TGC-3-2
12	124927857	124927858	-		2	m1A-seq,na	tRNA-Phe-TTY,tRNA-Phe-GAA-1-4
12	124940021	124940022	+		2	m1A-MAP-seq,m1A-seq	tRNA-Ala-GCG,tRNA-Ala-TGC-4-1
12	125142612	125142613	+		1	m1A-seq	AACS,AACS,AACS,AACS
12	130874580	130874581	+		1	m1A-seq	RAN,RAN,RAN,RAN,RAN,RAN,RAN,RAN,RAN,RAN,RAN
12	131799462	131799463	+		1	m1A-seq	SFSWAP,SFSWAP,SFSWAP,SFSWAP
13	39013231	39013232	-		1	m1A-seq	PROSER1,PROSER1,PROSER1
13	41060752	41060753	-		2	m1A-MAP-seq,m1A-seq	tRNA-Glu-TTC-1-2,tRNA-Glu-GAG_,ELF1
13	44917941	44917942	-		2	m1A-MAP-seq,m1A-seq	tRNA-Glu-GAG_,tRNA-Glu-TTC-2-1
13	75636475	75636476	+		2	m1A-MAP-seq,m1A-seq	LMO7,LMO7,AL137782.1,LMO7,LMO7,LMO7
13	94596151	94596152	-		1	m1A-MAP-seq	TGDS,TGDS
13	98003033	98003034	+		1	m1A-seq	IPO5,IPO5,IPO5,IPO5,IPO5,IPO5,IPO5,IPO5
13	98576835	98576836	-		1	m1A-MAP-seq	STK24,STK24,STK24
13	98577106	98577107	-		1	m1A-MAP-seq	STK24,STK24
13	99385348	99385349	+		1	m1A-seq	UBAC2,UBAC2,UBAC2,UBAC2,UBAC2,UBAC2
13	106544027	106544028	-		1	m1A-seq	ARGLU1,ARGLU1,ARGLU1
14	20356652	20356653	+		1	m1A-seq	PARP2,PARP2,PARP2,PARP2,PARP2,PARP2
14	20613804	20613805	-		2	m1A-MAP-seq,m1A-seq	tRNA-Thr-TGT-3-1,tRNA-Thr-ACA
14	20625435	20625436	+		2	m1A-MAP-seq,m1A-seq	tRNA-Leu-CTA_,tRNA-Leu-TAG-2-1
14	20631174	20631175	-		2	m1A-MAP-seq,m1A-seq	tRNA-Thr-TGT-4-1,tRNA-Thr-ACA
14	20633061	20633062	+		1	m1A-seq	tRNA-Pro-TGG-1-1,tRNA-Pro-CCA
14	20653113	20653114	-		2	m1A-MAP-seq,na	tRNA-Tyr-TAC,tRNA-Tyr-GTA-5-3
14	20657478	20657479	-		1	m1A-seq	tRNA-Tyr-GTA-4-1,tRNA-Tyr-TAC
14	20659972	20659973	-		1	m1A-MAP-seq	tRNA-Tyr-TAC,tRNA-Tyr-GTA-7-1
14	20681746	20681747	+		1	m1A-MAP-seq	tRNA-Thr-TGT-5-1,tRNA-Thr-ACA
14	20683345	20683346	+		3	m1A-MAP-seq,m1A-seq,na	tRNA-Tyr-TAC,tRNA-Tyr-GTA-5-5
14	21269441	21269442	-		1	m1A-MAP-seq	HNRNPC,HNRNPC,HNRNPC,HNRNPC,HNRNPC
14	21428982	21428983	-		1	m1A-seq	CHD8,CHD8,CHD8,CHD8,CHD8,CHD8,CHD8,CHD8,CHD8,CHD8,CHD8,CHD8,CHD8
14	22611572	22611573	+		1	m1A-seq	ABHD4,ABHD4
14	22919148	22919149	-		1	m1A-MAP-seq	RBM23,RBM23,RBM23,RBM23,RBM23,RBM23,RBM23,RBM23,RBM23,RBM23,RBM23,RBM23,RBM23,RBM23,RBM23,RBM23,RBM23,RBM23
14	22924484	22924485	-		1	m1A-seq	PRMT5,PRMT5,PRMT5,PRMT5,PRMT5,PRMT5,PRMT5,PRMT5
14	22929757	22929758	+		1	m1A-seq	tRNA-Arg-CGY_,AL132780.1,tRNA-Arg-ACG-1-3,AL132780.1
14	22981865	22981866	-		1	m1A-seq	AJUBA,AL132780.3,AJUBA
14	23095135	23095136	-		1	m1A-MAP-seq	ACIN1,ACIN1,ACIN1,ACIN1
14	23321578	23321579	+		1	m1A-seq	PABPN1,BCL2L2-PABPN1,BCL2L2-PABPN1,PABPN1,PABPN1
14	24139391	24139392	-		1	m1A-seq	EMC9,EMC9,EMC9,EMC9,EMC9,EMC9
14	32735708	32735709	+		1	m1A-MAP-seq	AKAP6,AKAP6,AKAP6,AKAP6,AKAP6
14	65412866	65412867	+		1	m1A-MAP-seq	FUT8,FUT8,FUT8,FUT8,FUT8,FUT8,FUT8,(CCCTC)n
14	67587794	67587795	+		1	m1A-MAP-seq	PLEKHH1,PLEKHH1,PLEKHH1,PLEKHH1,PLEKHH1
14	67619919	67619920	+		1	m1A-MAP-seq	ARG2
14	68790303	68790304	-		1	m1A-seq	ZFP36L1,ZFP36L1,ZFP36L1,ZFP36L1,ZFP36L1,ZFP36L1
14	69767193	69767194	+		2	m1A-MAP-seq,m1A-seq	SRSF5,SRSF5,SRSF5,SRSF5,SRSF5,SRSF5,SRSF5,SRSF5,SRSF5,SRSF5,SRSF5,SRSF5
14	74084955	74084956	+		1	m1A-MAP-seq	LIN52,LIN52
14	88979133	88979134	+		1	m1A-seq	tRNA-Ala-AGC-15-1,tRNA-Ala-GCY
14	88979154	88979155	+		2	m1A-MAP-seq,m1A-seq	tRNA-Ala-GCY,tRNA-Ala-AGC-15-1
14	99604206	99604207	-		1	m1A-MAP-seq	CCDC85C
14	102081093	102081094	-		1	m1A-seq	HSP90AA1,HSP90AA1
14	102087043	102087044	-		1	m1A-MAP-seq	HSP90AA1,HSP90AA1,HSP90AA1,HSP90AA1,HSP90AA1
14	103057108	103057109	-		1	m1A-seq	CDC42BPB
14	103847574	103847575	-		1	m1A-MAP-seq	PPP1R13B,PPP1R13B
15	40593839	40593840	-		1	m1A-seq	tRNA-Ser-AGY,tRNA-Ser-GCT-4-2
15	43185599	43185600	+		1	m1A-seq	CCNDBP1,CCNDBP1,CCNDBP1,CCNDBP1,CCNDBP1,CCNDBP1,CCNDBP1,CCNDBP1,CCNDBP1,CCNDBP1
15	45198620	45198621	-		2	m1A-seq,na	AC051619.7,SHF,SHF,tRNA-His-CAY_,tRNA-His-GTG-1-7
15	45200427	45200428	-		2	m1A-seq,na	SHF,AC051619.8,tRNA-His-CAY_,tRNA-His-GTG-1-8,SHF
15	48411277	48411278	-		1	m1A-seq	FBN1,FBN1,FBN1
15	55196940	55196941	-		1	m1A-MAP-seq	RSL24D1,RSL24D1
15	65375289	65375290	-		2	m1A-MAP-seq,m1A-seq	IGDCC3,IGDCC3
15	65607373	65607374	-		1	m1A-seq	INTS14,INTS14,INTS14,INTS14,INTS14,INTS14,INTS14,INTS14,INTS14,INTS14,INTS14,INTS14,INTS14,INTS14,INTS14,INTS14
15	65869076	65869077	-		2	m1A-MAP-seq,na	tRNA-Gln-CTG-1-4,tRNA-Gln-CAG
15	75903935	75903936	+		1	m1A-MAP-seq	FBXO22,FBXO22,FBXO22,FBXO22
15	77046521	77046522	-		1	m1A-seq	TSPAN3,TSPAN3,TSPAN3,TSPAN3,TSPAN3,TSPAN3,TSPAN3
15	82750571	82750572	+		1	m1A-MAP-seq	SNHG21,SNHG21,SNHG21
15	84643392	84643393	-		1	m1A-seq	WDR73,WDR73,WDR73,MIRb,WDR73,WDR73,WDR73
15	88477020	88477021	+		1	m1A-seq	MRPS11,MRPS11,MRPS11,MRPS11,MRPS11,MRPS11,MRPS11,MRPS11
15	88478012	88478013	+		1	m1A-seq	MRPS11,MRPS11,MRPS11,MRPS11,MRPS11,MRPS11,MRPS11
15	89335129	89335130	+		2	m1A-MAP-seq,m1A-seq	tRNA-Arg-CGA_,tRNA-Arg-TCG-1-1,AC124068.2
15	90907314	90907315	+		1	m1A-MAP-seq	MAN2A2,MAN2A2,MAN2A2,MAN2A2,MAN2A2,MAN2A2,MAN2A2,MAN2A2
15	90909347	90909348	+		1	m1A-seq	MAN2A2,MAN2A2,MAN2A2,MAN2A2,MAN2A2,MAN2A2,MAN2A2
16	72628	72629	-		1	m1A-MAP-seq	RHBDF1,RHBDF1,RHBDF1
16	397198	397199	+		1	m1A-MAP-seq	NME4,NME4,NME4,NME4,NME4,NME4
16	552678	552679	+		1	m1A-seq	CAPN15,CAPN15
16	636750	636751	-		3	m1A-MAP-seq,m1A-seq,na	tRNA-Gly-CCC-2-2
16	721145	721146	+		1	m1A-MAP-seq	FAM173A,FAM173A,FAM173A,FAM173A,FAM173A
16	1351871	1351872	-		1	m1A-MAP-seq	TSR3
16	2268113	2268114	-		1	m1A-MAP-seq	RNPS1,RNPS1,RNPS1,RNPS1,RNPS1
16	2640868	2640869	+		1	m1A-MAP-seq	AluJo
16	2640869	2640870	+		1	m1A-MAP-seq	AluJo
16	2912075	2912076	+		2	m1A-MAP-seq,m1A-seq	FLYWCH1,FLYWCH1,FLYWCH1,FLYWCH1,FLYWCH1
16	3150730	3150731	+		2	m1A-MAP-seq,m1A-seq	tRNA-Arg-CGG,tRNA-Arg-CCG-1-3
16	3152956	3152957	+		2	m1A-MAP-seq,m1A-seq	tRNA-Arg-CCT-3-1,tRNA-Arg-AGG
16	3157419	3157420	-		1	m1A-seq	tRNA-Lys-CTT-3-1,AC108134.2,tRNA-Lys-AAG
16	3160463	3160464	+		1	m1A-MAP-seq	tRNA-Pro-AGG-3-1,tRNA-Pro-CCY
16	3180568	3180569	-		2	m1A-MAP-seq,m1A-seq	tRNA-Lys-AAG,tRNA-Lys-CTT-5-1
16	3180607	3180608	-		1	m1A-seq	tRNA-Lys-CTT-5-1,tRNA-Lys-AAG
16	3191557	3191558	+		1	m1A-MAP-seq	AJ003147.2,tRNA-Lys-CTT-4-1,tRNA-Lys-AAG,AJ003147.2
16	3193974	3193975	+		1	m1A-seq	tRNA-Arg-AGG,tRNA-Arg-CCT-5-1,AJ003147.2,AJ003147.2
16	3371917	3371918	-		1	m1A-MAP-seq	MTRNR2L4
16	4814586	4814587	-		1	m1A-seq	GLYR1,GLYR1,GLYR1,GLYR1,GLYR1,GLYR1,GLYR1
16	8963400	8963401	-		1	m1A-MAP-seq	USP7,USP7,USP7
16	14285948	14285949	+		1	m1A-seq	tRNA-Thr-ACG,tRNA-Thr-CGT-2-1
16	14926529	14926530	+		1	m1A-seq	AC138932.1,NPIPA1
16	16325383	16325384	+		1	m1A-seq	AC138969.1,PKD1P1
16	22195725	22195726	-		2	m1A-MAP-seq,m1A-seq	tRNA-Leu-CTA,tRNA-Leu-TAG-3-1
16	28823165	28823166	+		1	m1A-MAP-seq	ATXN2L,ATXN2L,ATXN2L,ATXN2L,ATXN2L,ATXN2L,ATXN2L
16	29454646	29454647	+		1	m1A-seq	SLX1B,SLX1B,SLX1B
16	29813210	29813211	+		1	m1A-MAP-seq	PRRT2,PRRT2,PRRT2,PRRT2,PRRT2,PRRT2,PRRT2,AC009133.6,PRRT2,PRRT2,PRRT2,PRRT2,PRRT2,PRRT2,PRRT2,PRRT2,PRRT2,PRRT2
16	30358373	30358374	-		1	m1A-seq	TBC1D10B,TBC1D10B,TBC1D10B,TBC1D10B
16	30604888	30604889	-		1	m1A-seq	ZNF689,ZNF689,ZNF689,ZNF689,ZNF689
16	30707195	30707196	+		2	m1A-MAP-seq,m1A-seq	AC106886.5,SRCAP
16	30774016	30774017	+		1	m1A-seq	RNF40,RNF40,RNF40,RNF40
16	30969352	30969353	+		1	m1A-seq	SETD1A
16	31117666	31117667	+		1	m1A-MAP-seq	KAT8,KAT8,KAT8,KAT8
16	47143944	47143945	-		1	m1A-MAP-seq	NETO2
16	56362356	56362357	-		1	m1A-seq	AMFR,AMFR,AMFR,AMFR
16	57300017	57300018	+		1	m1A-MAP-seq	tRNA-Leu-CTG,tRNA-Leu-CAG-2-1
16	57300494	57300495	-		1	m1A-seq	tRNA-Leu-CAG-2-2,tRNA-Leu-CTG
16	58167245	58167246	-		1	m1A-seq	CSNK2A2,CSNK2A2,CSNK2A2,CSNK2A2
16	66933725	66933726	-		1	m1A-seq	CIAO2B,CIAO2B,CIAO2B,CIAO2B,CIAO2B,CIAO2B
16	67443123	67443124	-		1	m1A-seq	ATP6V0D1,ATP6V0D1,ATP6V0D1,ATP6V0D1,ATP6V0D1,ATP6V0D1,ATP6V0D1,ATP6V0D1,ATP6V0D1,ATP6V0D1,ATP6V0D1,ATP6V0D1,ATP6V0D1
16	69330138	69330139	-		1	m1A-seq	COG8,COG8,COG8,PDF,AC026464.6
16	69342146	69342147	+		2	m1A-MAP-seq,m1A-seq	NIP7,NIP7,MIRc,NIP7
16	69977340	69977341	-		1	m1A-MAP-seq	MIRb,NPIPB14P,AC009022.1,AC009022.1
16	70316060	70316061	+		1	m1A-seq	DDX19B,DDX19B,AC012184.2,DDX19B,DDX19B,DDX19B,DDX19B,AC012184.2,DDX19B,AC012184.2,DDX19B,DDX19B,DDX19B,DDX19B,DDX19B,DDX19B,DDX19B,DDX19B,DDX19B
16	70356203	70356204	+		1	m1A-seq	AC012184.2,DDX19A,DDX19A,AC012184.2,DDX19A,DDX19A,DDX19A,DDX19A,DDX19A,DDX19A,DDX19A,DDX19A,AC012184.2
16	70778225	70778226	-		2	m1A-MAP-seq,m1A-seq	VAC14,VAC14,VAC14,tRNA-Gly-GGY,tRNA-Gly-GCC-3-1
16	71426549	71426550	+		1	m1A-MAP-seq	tRNA-Met,tRNA-Met-CAT-2-1
16	83811979	83811980	+		1	m1A-MAP-seq	HSBP1,HSBP1
16	85688878	85688879	-		1	m1A-seq	GINS2,GINS2
16	87384036	87384037	-		2	m1A-MAP-seq,m1A-seq	FBXO31,tRNA-Met-CAT-6-1,tRNA-Met_,FBXO31
16	88862293	88862294	+		1	m1A-seq	TRAPPC2L,TRAPPC2L
16	89490560	89490561	-		1	m1A-MAP-seq	ANKRD11
16	89657664	89657665	-		1	m1A-seq	CHMP1A,CHMP1A,CHMP1A,CHMP1A,CHMP1A
16	89966578	89966579	+		1	m1A-seq	DEF8,DEF8,DEF8,DEF8,DEF8
17	823741	823742	-		1	m1A-seq	NXN,NXN,NXN,NXN,NXN,NXN,NXN
17	1673435	1673436	-		1	m1A-seq	PRPF8,PRPF8
17	1673783	1673784	-		1	m1A-seq	PRPF8,PRPF8
17	1684866	1684867	-		1	m1A-MAP-seq	PRPF8
17	1880595	1880596	+		1	m1A-seq	RPA1,RPA1
17	1897226	1897227	+		1	m1A-seq	RPA1,RPA1,RPA1
17	2055225	2055226	+		1	m1A-MAP-seq	HIC1,HIC1,HIC1,HIC1,HIC1
17	2375627	2375628	+		2	m1A-MAP-seq,m1A-seq	SGSM2,SGSM2,SGSM2
17	3668577	3668578	-		1	m1A-MAP-seq	P2RX5-TAX1BP3,TAX1BP3,TAX1BP3
17	4704136	4704137	-		1	m1A-MAP-seq	PELP1,PELP1,PELP1
17	5488539	5488540	+		1	m1A-seq	MIS12,MIS12,MIS12,MIS12,MIS12
17	7014753	7014754	+		1	m1A-MAP-seq	RNASEK-C17orf49,RNASEK-C17orf49,C17orf49,RNASEK-C17orf49,C17orf49,RNASEK-C17orf49,C17orf49
17	7575137	7575138	+		1	m1A-seq	EIF4A1,EIF4A1,EIF4A1,EIF4A1,EIF4A1,EIF4A1,EIF4A1,EIF4A1,EIF4A1,EIF4A1,EIF4A1,EIF4A1,EIF4A1,EIF4A1,SENP3-EIF4A1,EIF4A1,EIF4A1,EIF4A1,EIF4A1,EIF4A1,EIF4A1,EIF4A1,EIF4A1,EIF4A1,EIF4A1,EIF4A1,AC016876.2,EIF4A1,EIF4A1,EIF4A1
17	7651001	7651002	+		1	m1A-MAP-seq	ATP1B2,ATP1B2
17	7673779	7673780	-		1	m1A-MAP-seq	TP53,TP53,TP53,TP53,TP53,TP53,TP53,TP53,TP53,TP53,TP53,TP53,TP53,TP53,TP53,TP53,TP53,TP53,TP53,TP53,TP53
17	7674891	7674892	-		1	m1A-seq	TP53,TP53,TP53,TP53,TP53,TP53,TP53,TP53,TP53,TP53,TP53,TP53,TP53,TP53,TP53,TP53,TP53,TP53,TP53,TP53,TP53,TP53,TP53,TP53
17	7911643	7911644	+		1	m1A-seq	CHD3,CHD3,CHD3,CHD3,CHD3,CHD3,CHD3
17	7931945	7931946	-		1	m1A-MAP-seq	TRAPPC1,TRAPPC1,TRAPPC1,TRAPPC1
17	8120328	8120329	-		2	m1A-MAP-seq,m1A-seq	tRNA-Leu-TAG-1-1,tRNA-Leu-CTY
17	8120996	8120997	+		1	m1A-MAP-seq	tRNA-Arg-AGA,tRNA-Arg-TCT-2-1
17	8125800	8125801	+		2	m1A-seq,na	tRNA-Gly-GCC-2-6,tRNA-Gly-GGY
17	8138895	8138896	-		1	m1A-seq	tRNA-Ser-TCG,tRNA-Ser-CGA-1-1
17	8139466	8139467	-		1	m1A-MAP-seq	tRNA-Thr-AGT-5-1,tRNA-Thr-ACY
17	8148024	8148025	-		1	m1A-seq	AC129492.1,AC129492.1,AC129492.1,AC129492.1,AC129492.1,AC129492.1
17	8187217	8187218	+		1	m1A-seq	tRNA-Thr-ACY,tRNA-Thr-AGT-1-1
17	8187650	8187651	+		1	m1A-seq	tRNA-Ile-ATT,tRNA-Ile-AAT-5-5
17	8220883	8220884	-		2	m1A-MAP-seq,m1A-seq	LINC00324,tRNA-Trp-CCA-1-1,tRNA-Trp-TGG
17	8221603	8221604	+		3	m1A-MAP-seq,m1A-seq,na	tRNA-Gly-TCC-3-1,tRNA-Gly-GGA
17	8222300	8222301	-		1	m1A-seq	tRNA-Asp-GTC-2-11,tRNA-Asp-GAY,LINC00324
17	8222847	8222848	-		1	m1A-MAP-seq	tRNA-Pro-CGG-1-3,LINC00324,tRNA-Pro-CCG
17	8226249	8226250	-		1	m1A-MAP-seq	CTC1,tRNA-Thr-ACY,CTC1,tRNA-Thr-AGT-1-2
17	8226624	8226625	-		2	m1A-MAP-seq,na	CTC1,CTC1,tRNA-Ser-AGA-2-6,tRNA-Ser-TCY
17	8227005	8227006	-		2	m1A-MAP-seq,m1A-seq	tRNA-Ile-ATT,CTC1,CTC1,CTC1,tRNA-Ile-AAT-4-1,CTC1
17	17972396	17972397	-		1	m1A-MAP-seq	TOM1L2,TOM1L2,TOM1L2,TOM1L2,TOM1L2,TOM1L2,TOM1L2,TOM1L2,TOM1L2
17	19508236	19508237	+		2	m1A-MAP-seq,m1A-seq	tRNA-Trp-TGG,tRNA-Trp-CCA-2-1,SLC47A1
17	19860916	19860917	+		2	m1A-MAP-seq,m1A-seq	tRNA-Gly-CCC-3-1,tRNA-Gly-GGG
17	22523460	22523461	+		1	m1A-MAP-seq	MTRNR2L1
17	22524045	22524046	+		1	m1A-MAP-seq	MTRNR2L1,LSU-rRNA_Hsa
17	22524130	22524131	+		1	m1A-seq	MTRNR2L1,LSU-rRNA_Hsa
17	22524260	22524261	+		1	m1A-MAP-seq	MTRNR2L1
17	22524458	22524459	+		1	m1A-MAP-seq	MTRNR2L1
17	28348099	28348100	-		1	m1A-seq	POLDIP2,POLDIP2
17	28748367	28748368	+		2	m1A-MAP-seq,m1A-seq	TRAF4,TRAF4,TRAF4,TRAF4,TRAF4,TRAF4,TRAF4,TRAF4,TRAF4,TRAF4
17	28749735	28749736	+		1	m1A-seq	TRAF4,TRAF4
17	28860590	28860591	+		1	m1A-seq	ERAL1,ERAL1,ERAL1,ERAL1
17	28879649	28879650	-		1	m1A-seq	FLOT2,FLOT2,FLOT2,FLOT2,FLOT2,FLOT2
17	28909778	28909779	-		1	m1A-MAP-seq	AluJb,PHF12,PHF12,PHF12,PHF12
17	29572480	29572481	+		1	m1A-seq	TP53I13,ABHD15-AS1,TP53I13,TP53I13
17	31550129	31550130	+		2	m1A-MAP-seq,m1A-seq	tRNA-Thr-ACG,tRNA-Thr-CGT-4-1
17	32328843	32328844	-		1	m1A-MAP-seq	C17orf75,C17orf75,C17orf75
17	32738380	32738381	-		1	m1A-seq	MYO1D,MYO1D,MYO1D,MYO1D,MYO1D,MYO1D,MYO1D,MYO1D
17	37512402	37512403	+		1	m1A-seq	DUSP14,DUSP14,DUSP14
17	38833736	38833737	-		2	m1A-MAP-seq,m1A-seq	tRNA-Cys-TGY,tRNA-Cys-GCA-24-1
17	38869306	38869307	-		1	m1A-seq	tRNA-Cys-TGY,tRNA-Cys-GCA-4-1
17	40295393	40295394	+		1	m1A-seq	CDC6,CDC6,CDC6,CDC6
17	40456880	40456881	+		2	m1A-MAP-seq,m1A-seq	IGFBP4
17	42754441	42754442	-		1	m1A-MAP-seq	RAMP2-AS1,RAMP2-AS1,RAMP2-AS1,AluJo
17	47669727	47669728	+		1	m1A-seq	KPNB1,KPNB1,KPNB1,KPNB1,KPNB1
17	47698720	47698721	+		1	m1A-MAP-seq	TBKBP1,TBKBP1,TBKBP1,TBKBP1
17	48071185	48071186	-		1	m1A-seq	CBX1,CBX1
17	48892791	48892792	+		1	m1A-MAP-seq	ATP5MC1,ATP5MC1,ATP5MC1
17	48908404	48908405	+		1	m1A-MAP-seq	intergenic
17	49788682	49788683	+		1	m1A-MAP-seq	KAT7,KAT7,KAT7
17	50719779	50719780	+		1	m1A-seq	LUC7L3,LUC7L3,LUC7L3,LUC7L3,LUC7L3,LUC7L3,LUC7L3,LUC7L3,LUC7L3,LUC7L3,LUC7L3,LUC7L3
17	51120740	51120741	-		1	m1A-MAP-seq	SPAG9,SPAG9,SPAG9
17	51273395	51273396	+		1	m1A-seq	UTP18
17	55421968	55421969	-		1	m1A-MAP-seq	intergenic
17	57106451	57106452	+		1	m1A-MAP-seq	AKAP1,AKAP1,AKAP1,AKAP1,AKAP1,AKAP1,AKAP1,AKAP1
17	58005833	58005834	-		1	m1A-seq	SRSF1,SRSF1,SRSF1,SRSF1,SRSF1,AC015813.2,SRSF1,SRSF1
17	58006412	58006413	-		1	m1A-seq	SRSF1,SRSF1,SRSF1,SRSF1,SRSF1,SRSF1,AC015813.2,SRSF1
17	59707429	59707430	-		1	m1A-MAP-seq	PTRH2,PTRH2,PTRH2
17	60392133	60392134	-		1	m1A-MAP-seq	USP32,USP32,USP32
17	63819664	63819665	-		1	m1A-seq	FTSJ3
17	68019911	68019912	-		1	m1A-MAP-seq	tRNA-Arg-CCG-2-1,tRNA-Arg-AGG
17	68512415	68512416	+		1	m1A-MAP-seq	PRKAR1A,PRKAR1A,AC007780.1,PRKAR1A,PRKAR1A,PRKAR1A
17	75033962	75033963	+		1	m1A-MAP-seq	KCTD2,tRNA-Arg-CCT-1-1,KCTD2,KCTD2,tRNA-Arg-AGG,KCTD2,KCTD2
17	75034445	75034446	-		1	m1A-seq	tRNA-Arg-AGG,tRNA-Arg-CCT-2-1
17	75035169	75035170	+		1	m1A-MAP-seq	tRNA-Arg-TCG-3-1,tRNA-Arg-CGG,KCTD2,KCTD2,KCTD2,KCTD2,KCTD2
17	75131651	75131652	-		2	m1A-MAP-seq,m1A-seq	NT5C,NT5C,NT5C,NT5C,NT5C,NT5C,NT5C,NT5C
17	75904622	75904623	-		1	m1A-seq	AC087289.4,MRPL38,AC087289.4,MRPL38,MRPL38,MRPL38,MRPL38,MRPL38,MRPL38,MRPL38,MRPL38
17	76103755	76103756	-		1	m1A-MAP-seq	EXOC7,EXOC7
17	76710964	76710965	-		1	m1A-MAP-seq	MXRA7,MXRA7
17	76726838	76726839	+		1	m1A-MAP-seq	METTL23,METTL23,METTL23
17	78174262	78174263	-		1	m1A-seq	TK1,TK1
17	78925386	78925387	-		1	m1A-MAP-seq	TIMP2
17	80991840	80991841	+		1	m1A-MAP-seq	CHMP6,CHMP6
17	81552352	81552353	-		1	m1A-MAP-seq	FAAP100,FAAP100,FAAP100,FAAP100,FAAP100
17	81665870	81665871	-		1	m1A-seq	OXLD1,OXLD1,OXLD1,OXLD1,OXLD1,OXLD1,OXLD1
17	81701065	81701066	+		1	m1A-seq	HGS,HGS,HGS,HGS,HGS
17	81868687	81868688	-		1	m1A-MAP-seq	ARHGDIA,ARHGDIA,ARHGDIA,ARHGDIA,ARHGDIA,ARHGDIA,ARHGDIA,ARHGDIA
17	81921256	81921257	-		1	m1A-seq	SIRT7,MAFG
17	82243511	82243512	-		2	m1A-MAP-seq,m1A-seq	CSNK1D,CSNK1D,CSNK1D,CSNK1D
17	82418585	82418586	-		1	m1A-MAP-seq	OGFOD3,OGFOD3,OGFOD3,OGFOD3
17	82488074	82488075	+		1	m1A-seq	NARF,NARF,NARF,NARF,NARF,NARF,NARF,NARF,NARF,NARF,NARF
17	82494735	82494736	-		2	m1A-seq,na	tRNA-Met-i,tRNA-iMet-CAT-1-8
17	82648443	82648444	-		1	m1A-MAP-seq	WDR45B,WDR45B,WDR45B,WDR45B
18	9401342	9401343	+		1	m1A-seq	TWSG1
18	11885738	11885739	-		1	m1A-seq	MPPE1,MPPE1,MPPE1,MPPE1,MPPE1,MPPE1,MPPE1,MPPE1,MPPE1,MPPE1
18	22171340	22171341	+		1	m1A-seq	GATA6,GATA6
18	23479338	23479339	+		1	m1A-seq	RIOK3,RIOK3,RIOK3,RIOK3,RIOK3,RIOK3,RIOK3
18	26090612	26090613	-		1	m1A-MAP-seq	SS18,SS18,SS18,SS18,SS18,SS18,SS18,SS18,SS18,SS18,SS18,SS18,SS18
18	36124626	36124627	-		1	m1A-seq	SLC39A6,SLC39A6,SLC39A6
18	36828803	36828804	-		1	m1A-MAP-seq	TPGS2,TPGS2,TPGS2,TPGS2,TPGS2,TPGS2,TPGS2,TPGS2,TPGS2,TPGS2,TPGS2,TPGS2
18	46089319	46089320	-		1	m1A-MAP-seq	ATP5F1A,ATP5F1A,ATP5F1A,tRNA-Lys-CTT-6-1,ATP5F1A,ATP5F1A,ATP5F1A,tRNA-Lys-AAG,ATP5F1A,ATP5F1A,ATP5F1A
19	893186	893187	-		1	m1A-MAP-seq	MED16,MED16,MED16,MED16,MED16
19	984327	984328	+		1	m1A-MAP-seq	WDR18
19	1076925	1076926	+		1	m1A-MAP-seq	ARHGAP45,ARHGAP45,ARHGAP45,ARHGAP45,ARHGAP45,ARHGAP45,ARHGAP45
19	1388580	1388581	+		1	m1A-seq	NDUFS7,NDUFS7,NDUFS7,NDUFS7,NDUFS7,NDUFS7,NDUFS7,NDUFS7,NDUFS7,NDUFS7,NDUFS7,NDUFS7,NDUFS7,NDUFS7,NDUFS7,NDUFS7,NDUFS7,NDUFS7,NDUFS7
19	1924600	1924601	+		1	m1A-seq	SCAMP4,SCAMP4,SCAMP4,SCAMP4,SCAMP4
19	2250950	2250951	+		1	m1A-seq	AMH,AMH
19	3585634	3585635	+		2	m1A-MAP-seq,m1A-seq	GIPC3,GIPC3,GIPC3
19	3959236	3959237	-		1	m1A-seq	DAPK3,DAPK3,DAPK3
19	4724649	4724650	-		2	m1A-MAP-seq,m1A-seq	tRNA-Val-GTG,tRNA-Val-CAC-3-1,DPP9
19	4793658	4793659	+		1	m1A-seq	FEM1A
19	4961367	4961368	+		2	m1A-MAP-seq,m1A-seq	UHRF1,UHRF1,UHRF1,UHRF1
19	5707733	5707734	-		1	m1A-seq	LONP1,LONP1,LONP1,LONP1,LONP1,LONP1,LONP1,LONP1,LONP1,LONP1,LONP1
19	5892930	5892931	-		1	m1A-MAP-seq	AC024592.3,MIR,AC024592.3,NDUFA11,AC024592.3
19	5903658	5903659	-		1	m1A-seq	AC024592.3,NDUFA11,AC024592.3,AC024592.3,NDUFA11,NDUFA11,NDUFA11,NDUFA11,NDUFA11
19	5917456	5917457	-		1	m1A-seq	RANBP3,RANBP3,RANBP3,RANBP3,RANBP3,RANBP3
19	6531025	6531026	+		1	m1A-MAP-seq	TNFSF9
19	9161022	9161023	+		1	m1A-seq	ZNF317,ZNF317,ZNF317,ZNF317,ZNF317
19	10258753	10258754	+		1	m1A-seq	MRPL4,MRPL4,MRPL4,MRPL4,MRPL4,MRPL4
19	10403534	10403535	-		1	m1A-MAP-seq	CDC37,CDC37,MIR1181
19	10654285	10654286	+		1	m1A-MAP-seq	ILF3
19	11147822	11147823	-		1	m1A-seq	SPC24,SPC24,SPC24,SPC24,SPC24,SPC24,SPC24
19	11553431	11553432	-		1	m1A-seq	ELOF1,ELOF1,ELOF1
19	12610935	12610936	+		1	m1A-MAP-seq	ZNF791,ZNF791,ZNF791,ZNF791
19	13913170	13913171	+		1	m1A-seq	CC2D1A,CC2D1A,CC2D1A
19	13926995	13926996	+		1	m1A-seq	CC2D1A,CC2D1A,CC2D1A,CC2D1A,CC2D1A,CC2D1A
19	14092862	14092863	-		1	m1A-MAP-seq	PRKACA,PRKACA,PRKACA
19	16102843	16102844	+		1	m1A-MAP-seq	TPM4,TPM4,TPM4,TPM4,TPM4,TPM4,TPM4,TPM4,TPM4,TPM4,TPM4,TPM4
19	16552430	16552431	-		1	m1A-MAP-seq	AC008764.1,SLC35E1,AluSg,SLC35E1,SLC35E1
19	16628111	16628112	-		2	m1A-MAP-seq,m1A-seq	AC008764.4,AC008764.4,MED26,AC008764.4,AC008764.1,AC008764.4,AC008764.4,MED26,AC008764.4,AC008764.4,MED26
19	17244978	17244979	-		1	m1A-seq	NR2F6,AC010646.1
19	17425061	17425062	+		1	m1A-MAP-seq	MVB12A,MVB12A,MVB12A,MVB12A,MVB12A
19	18169534	18169535	+		1	m1A-MAP-seq	AC007192.1,PIK3R2,PIK3R2
19	18562129	18562130	+		1	m1A-seq	KXD1,KXD1,KXD1,KXD1,KXD1,KXD1,KXD1,KXD1,KXD1,KXD1,KXD1,KXD1,KXD1,KXD1,KXD1
19	18919714	18919715	+		1	m1A-MAP-seq	DDX49,DDX49,DDX49,DDX49,DDX49
19	32581189	32581190	+		1	m1A-MAP-seq	PDCD5
19	33302533	33302534	-		1	m1A-MAP-seq	CEBPA
19	33373724	33373725	+		1	m1A-seq	(GGC)n,CEBPG,CEBPG
19	34194481	34194482	+		2	m1A-MAP-seq,m1A-seq	LSM14A,LSM14A,LSM14A,LSM14A,LSM14A
19	35575851	35575852	+		1	m1A-seq	tRNA-Lys-AAG,AD000090.1,tRNA-Lys-CTT-10-1
19	38831806	38831807	-		1	m1A-MAP-seq	AC008982.1,AC008982.1,ECH1
19	39412182	39412183	-		2	m1A-MAP-seq,m1A-seq	tRNA-Ile-TAT-1-1,tRNA-Ile-ATA
19	39483150	39483151	+		1	m1A-seq	TIMM50,TIMM50,TIMM50,TIMM50,TIMM50,TIMM50,TIMM50,TIMM50,TIMM50,TIMM50,TIMM50,TIMM50,TIMM50
19	40233767	40233768	-		1	m1A-MAP-seq	AKT2,AKT2,AKT2,AKT2,AKT2,AKT2,AKT2
19	42248473	42248474	-		1	m1A-seq	ERF,ERF,AC006486.1
19	43554694	43554695	-		1	m1A-seq	XRCC1,L34079.1,XRCC1,XRCC1,XRCC1,XRCC1,XRCC1,XRCC1
19	45251391	45251392	+		1	m1A-MAP-seq	MARK4,MARK4,MARK4,MARK4,MARK4
19	45478616	45478617	-		2	m1A-MAP-seq,m1A-seq	tRNA-SeC(e)-TGA,ERCC1,tRNA-SeC-TCA-1-1
19	45522466	45522467	+		1	m1A-MAP-seq	VASP,VASP,VASP
19	46704170	46704171	-		1	m1A-seq	PRKD2,PRKD2,PRKD2,PRKD2,PRKD2,PRKD2
19	47000574	47000575	+		1	m1A-MAP-seq	ARHGAP35,ARHGAP35,ARHGAP35,ARHGAP35
19	48451229	48451230	+		2	m1A-MAP-seq,m1A-seq	GRWD1
19	48472412	48472413	+		1	m1A-seq	CYTH2,CYTH2,CYTH2,CYTH2,CYTH2,CYTH2,CYTH2,CYTH2,AC008403.2,CYTH2,CYTH2
19	48478582	48478583	+		1	m1A-seq	CYTH2,CYTH2,CYTH2,CYTH2,CYTH2,CYTH2
19	48619192	48619193	-		1	m1A-MAP-seq	intergenic
19	48874131	48874132	+		1	m1A-seq	PPP1R15A
19	49653000	49653001	+		1	m1A-seq	SCAF1
19	49654783	49654784	+		1	m1A-seq	SCAF1
19	49871695	49871696	-		1	m1A-seq	AKT1S1,AKT1S1,AKT1S1,PNKP,AKT1S1,AKT1S1,AKT1S1
19	50799500	50799501	-		1	m1A-seq	C19orf48,C19orf48,C19orf48,C19orf48,C19orf48,C19orf48,C19orf48,C19orf48,C19orf48,C19orf48,C19orf48,C19orf48,C19orf48,C19orf48,SNORD88A
19	54201606	54201607	+		1	m1A-seq	RPS9,RPS9,RPS9,RPS9,RPS9,RPS9,RPS9,RPS9,RPS9,RPS9,RPS9,RPS9,RPS9
19	55642580	55642581	+		1	m1A-MAP-seq	ZNF580,ZNF580,ZNF581,ZNF580,ZNF580,ZNF581,ZNF580,CCDC106
19	56404374	56404375	+		2	m1A-MAP-seq,m1A-seq	ZNF583,(CGGCCC)n,ZNF583,ZNF583,ZNF583,ZNF583,ZNF583,ZNF583
19	58362735	58362736	-		1	m1A-MAP-seq	ZNF497,AC012313.3,ZNF497,ZNF497
19	58575451	58575452	+		1	m1A-MAP-seq	AC016629.3,CENPBD1P1,CENPBD1P1
2	8733504	8733505	-		1	m1A-seq	KIDINS220,KIDINS220,KIDINS220,KIDINS220,KIDINS220,KIDINS220
2	10124775	10124776	+		1	m1A-seq	RRM2,RRM2,RRM2,RRM2,RRM2,RRM2,RRM2,RRM2
2	20037560	20037561	-		1	m1A-seq	LAPTM4A
2	26034563	26034564	+		1	m1A-seq	RAB10,RAB10
2	27032971	27032972	+		1	m1A-MAP-seq	TMEM214,TMEM214,TMEM214,TMEM214
2	27050854	27050855	+		3	m1A-MAP-seq,m1A-seq,na	tRNA-Tyr-GTA-2-1,AGBL5,tRNA-Tyr-TAC
2	27051270	27051271	+		2	m1A-MAP-seq,na	AGBL5,AGBL5,tRNA-Ala-AGC-8-1,tRNA-Ala-GCY
2	27055878	27055879	+		1	m1A-seq	AGBL5,AGBL5,AGBL5,AGBL5,AGBL5
2	27326824	27326825	-		2	m1A-MAP-seq,m1A-seq	GTF3C2,GTF3C2,GTF3C2,GTF3C2,GTF3C2,GTF3C2
2	27376693	27376694	+		1	m1A-seq	SNX17,SNX17,SNX17,SNX17,SNX17
2	32278127	32278128	+		1	m1A-seq	YIPF4
2	42810612	42810613	+		2	m1A-MAP-seq,m1A-seq	tRNA-Ile-ATA,tRNA-Ile-TAT-2-1
2	55269230	55269231	-		1	m1A-MAP-seq	MTIF2,MTIF2,MTIF2
2	69437434	69437435	-		1	m1A-MAP-seq	NFU1,NFU1,NFU1,NFU1
2	70300878	70300879	-		1	m1A-seq	FAM136A,FAM136A,FAM136A,FAM136A,FAM136A,FAM136A
2	70988324	70988325	-		1	m1A-seq	TEX261,AC007040.2,AC007040.2,TEX261
2	71068696	71068697	+		1	m1A-seq	NAGK,NAGK,NAGK,NAGK,NAGK,NAGK,NAGK,NAGK,NAGK,NAGK,NAGK,NAGK,NAGK,NAGK,NAGK,NAGK,NAGK
2	71071753	71071754	+		1	m1A-seq	NAGK,NAGK,NAGK,NAGK,NAGK,NAGK,NAGK,NAGK,NAGK,NAGK,NAGK,NAGK,NAGK,NAGK,NAGK,NAGK,NAGK,NAGK,NAGK
2	74432559	74432560	-		1	m1A-seq	RTKN,RTKN,RTKN,RTKN,RTKN,RTKN,RTKN
2	74459647	74459648	+		2	m1A-MAP-seq,m1A-seq	WBP1,WBP1,WBP1,WBP1,WBP1,WBP1,WBP1,INO80B-WBP1,WBP1,WBP1,WBP1,INO80B-WBP1,WBP1,WBP1,WBP1,WBP1
2	74556992	74556993	+		1	m1A-seq	DOK1,DOK1,DOK1,DOK1,DOK1,DOK1
2	96839350	96839351	-		1	m1A-MAP-seq	ANKRD23,ANKRD39,ANKRD23,ANKRD23,ANKRD23,ANKRD23
2	96839614	96839615	-		2	m1A-MAP-seq,m1A-seq	ANKRD23,ANKRD23,ANKRD23,ANKRD23,ANKRD23,ANKRD39
2	101253220	101253221	+		1	m1A-seq	CNOT11
2	101697706	101697707	+		1	m1A-MAP-seq	MAP4K4,MAP4K4,MAP4K4,MAP4K4
2	113890062	113890063	+		1	m1A-seq	ACTR3,ACTR3,G-rich
2	130337142	130337143	-		1	m1A-seq	tRNA-Glu-GAG_,tRNA-Glu-TTC-1-1
2	156400824	156400825	+		2	m1A-MAP-seq,m1A-seq	tRNA-Ala-CGC-3-1,tRNA-Ala-GCG
2	168247562	168247563	-		1	m1A-MAP-seq	STK39
2	197516046	197516047	+		1	m1A-MAP-seq	MOB4,MOB4,HSPE1-MOB4,MOB4
2	218661154	218661155	+		2	m1A-MAP-seq,m1A-seq	BCS1L,BCS1L,BCS1L,BCS1L,BCS1L,BCS1L,BCS1L,BCS1L,BCS1L,BCS1L,BCS1L,BCS1L,BCS1L,BCS1L,BCS1L
2	219498974	219498975	+		1	m1A-seq	GMPPA,GMPPA,GMPPA,GMPPA,GMPPA,GMPPA,GMPPA,GMPPA,GMPPA,GMPPA
2	238173593	238173594	-		1	m1A-seq	ILKAP,ILKAP,ILKAP,ILKAP,ILKAP,ILKAP,ILKAP
2	241637692	241637693	+		1	m1A-MAP-seq	ATG4B,ATG4B,ATG4B,ATG4B,ATG4B,ATG4B,ATG4B,ATG4B,ATG4B,ATG4B,ATG4B,ATG4B
20	326333	326334	+		1	m1A-seq	SOX12
20	353758	353759	+		1	m1A-seq	NRSN2,NRSN2,NRSN2,NRSN2,NRSN2,NRSN2
20	408392	408393	+		1	m1A-MAP-seq	RBCK1,RBCK1,RBCK1,RBCK1,RBCK1,RBCK1,RBCK1,RBCK1,RBCK1,RBCK1,RBCK1,RBCK1
20	408407	408408	+		1	m1A-seq	RBCK1,RBCK1,RBCK1,RBCK1,RBCK1,RBCK1,RBCK1,RBCK1,RBCK1,RBCK1,RBCK1,RBCK1
20	2658516	2658517	-		1	m1A-seq	IDH3B,IDH3B,IDH3B,IDH3B,IDH3B,IDH3B
20	3223585	3223586	+		1	m1A-seq	ITPA,ITPA,ITPA,ITPA,ITPA,ITPA,ITPA
20	3868023	3868024	+		2	m1A-MAP-seq,m1A-seq	MAVS,MAVS
20	5113086	5113087	-		1	m1A-MAP-seq	TMEM230,TMEM230
20	25284176	25284177	+		1	m1A-seq	PYGB
20	31605288	31605289	+		1	m1A-MAP-seq	ID1,ID1
20	31801306	31801307	+		1	m1A-seq	TPX2,TPX2
20	32207742	32207743	-		1	m1A-MAP-seq	PLAGL2
20	32762384	32762385	+		1	m1A-MAP-seq	DNMT3B
20	34750385	34750386	-		1	m1A-seq	NCOA6,NCOA6,NCOA6,NCOA6
20	35699351	35699352	-		1	m1A-MAP-seq	NFS1,NFS1,NFS1,NFS1,NFS1,NFS1
20	35954021	35954022	-		1	m1A-seq	SCAND1,SCAND1,SCAND1
20	36941059	36941060	-		1	m1A-seq	SAMHD1,SAMHD1,SAMHD1,SAMHD1,SAMHD1,SAMHD1,SAMHD1,SAMHD1,SAMHD1,SAMHD1,SAMHD1,SAMHD1,SAMHD1,SAMHD1,SAMHD1,SAMHD1,SAMHD1,SAMHD1,SAMHD1,SAMHD1
20	37289654	37289655	+		1	m1A-MAP-seq	MANBAL,MANBAL
20	43458380	43458381	+		1	m1A-seq	SRSF6,SRSF6
20	44500423	44500424	-		1	m1A-seq	SERINC3,SERINC3,SERINC3
20	45335872	45335873	-		1	m1A-seq	SDC4
20	45348423	45348424	-		1	m1A-MAP-seq	SDC4
20	45946299	45946300	+		1	m1A-seq	PCIF1,PCIF1
20	49226451	49226452	+		1	m1A-seq	DDX27,DDX27,DDX27,DDX27,DDX27,DDX27
20	57359054	57359055	-		1	m1A-MAP-seq	MTRNR2L3
20	57359056	57359057	-		1	m1A-MAP-seq	MTRNR2L3
20	62861655	62861656	-		1	m1A-MAP-seq	TCFL5,TCFL5
20	63287721	63287722	+		1	m1A-seq	ARFGAP1,ARFGAP1,ARFGAP1,ARFGAP1,ARFGAP1,ARFGAP1,ARFGAP1,ARFGAP1,ARFGAP1,ARFGAP1,ARFGAP1,ARFGAP1,ARFGAP1
20	63742418	63742419	+		1	m1A-seq	SLC2A4RG,SLC2A4RG,SLC2A4RG,SLC2A4RG,SLC2A4RG,SLC2A4RG
20	64255844	64255845	+		1	m1A-seq	PCMTD2,PCMTD2,PCMTD2,PCMTD2,PCMTD2,PCMTD2
21	33504476	33504477	-		1	m1A-seq	GART,GART,GART,GART
21	44037842	44037843	+		2	m1A-MAP-seq,m1A-seq	TRAPPC10,TRAPPC10,TRAPPC10
21	44134135	44134136	+		1	m1A-seq	GATD3A,GATD3A,GATD3A,GATD3A,GATD3A,GATD3A,GATD3A,GATD3A,GATD3A
21	44321855	44321856	+		2	m1A-MAP-seq,m1A-seq	PFKL,PFKL,PFKL,PFKL,PFKL,PFKL,PFKL,PFKL
21	45224511	45224512	+		1	m1A-MAP-seq	ADARB1,ADARB1,ADARB1,ADARB1,ADARB1,ADARB1,ADARB1,ADARB1
21	46215261	46215262	-		1	m1A-MAP-seq	LSS,LSS,LSS,LSS
21	46334726	46334727	+		1	m1A-seq	PCNT,PCNT,PCNT
22	17592699	17592700	-		1	m1A-seq	ATP6V1E1,ATP6V1E1,ATP6V1E1,ATP6V1E1
22	18088577	18088578	+		1	m1A-seq	AluSz,PEX26,PEX26,PEX26
22	19911442	19911443	-		1	m1A-seq	TXNRD2,TXNRD2,TXNRD2,TXNRD2,TXNRD2,TXNRD2,TXNRD2,TXNRD2,TXNRD2,TXNRD2,TXNRD2,TXNRD2,TXNRD2
22	20131944	20131945	+		1	m1A-MAP-seq	ZDHHC8,ZDHHC8
22	20437824	20437825	-		1	m1A-MAP-seq	SCARF2,AC007731.4,SCARF2
22	20917953	20917954	+		1	m1A-seq	CRKL,CRKL
22	21628260	21628261	-		1	m1A-seq	YDJC,YDJC,YDJC,YDJC,YDJC,YDJC,YDJC
22	23742860	23742861	-		1	m1A-seq	ZNF70,MIRc
22	25510687	25510688	+		1	m1A-seq	CRYBB2P1,CRYBB2P1
22	27858444	27858445	-		1	m1A-seq	PITPNB,PITPNB,PITPNB,PITPNB,PITPNB,PITPNB
22	29388564	29388565	-		1	m1A-MAP-seq	AP1B1,AP1B1,AP1B1,AP1B1
22	29603724	29603725	+		1	m1A-seq	NF2,NF2,NF2,NF2,NF2
22	29767507	29767508	+		1	m1A-seq	UQCR10,UQCR10
22	30334457	30334458	-		1	m1A-seq	SF3A1
22	30375050	30375051	-		1	m1A-MAP-seq	RNF215,AluSc
22	31346173	31346174	-		1	m1A-MAP-seq	PATZ1,PATZ1,PATZ1
22	32412193	32412194	-		1	m1A-seq	RTCB,RTCB,RTCB
22	37566770	37566771	+		1	m1A-seq	CDC42EP1
22	38750276	38750277	-		1	m1A-seq	SUN2,SUN2,SUN2,SUN2,SUN2,SUN2,SUN2,SUN2
22	39315403	39315404	-		1	m1A-seq	RPL3,RPL3,RPL3,RPL3,RPL3,RPL3,RPL3,RPL3,RPL3
22	39517483	39517484	+		1	m1A-seq	MIEF1
22	41264745	41264746	-		1	m1A-seq	RANGAP1,RANGAP1,RANGAP1,RANGAP1,RANGAP1
22	41446796	41446797	-		1	m1A-MAP-seq	TOB2
22	41526313	41526314	+		1	m1A-seq	ACO2,ACO2
22	41877353	41877354	+		1	m1A-seq	SREBF2,SREBF2,SREBF2,SREBF2,SREBF2
22	42615285	42615286	+		1	m1A-seq	Z93241.1,RNU12
22	46701704	46701705	-		1	m1A-seq	CERK,CERK
22	50519209	50519210	+		1	m1A-seq	NCAPH2,NCAPH2,NCAPH2,NCAPH2,NCAPH2
22	50524240	50524241	+		1	m1A-seq	U62317.2,NCAPH2
3	3172805	3172806	-		1	m1A-seq	CRBN,CRBN,CRBN,CRBN,CRBN,CRBN,CRBN,CRBN,CRBN,CRBN
3	9732080	9732081	+		1	m1A-seq	BRPF1,BRPF1,BRPF1,BRPF1
3	9793081	9793082	+		1	m1A-MAP-seq	ARPC4,ARPC4,ARPC4,ARPC4,ARPC4-TTLL3,ARPC4-TTLL3
3	15601744	15601745	+		1	m1A-MAP-seq	BTD,BTD,BTD,BTD,BTD
3	17699914	17699915	-		2	m1A-MAP-seq,m1A-seq	TBC1D5,TBC1D5,TBC1D5,TBC1D5,TBC1D5,TBC1D5,TBC1D5,TBC1D5,TBC1D5,TBC1D5,tRNA-Cys-TGY,TBC1D5,TBC1D5,TBC1D5,TBC1D5,TBC1D5,TBC1D5,TBC1D5,TBC1D5,TBC1D5,TBC1D5,TBC1D5,TBC1D5,TBC1D5,TBC1D5,TBC1D5,tRNA-Cys-GCA-25-1
3	33114210	33114211	+		1	m1A-seq	CRTAP,CRTAP
3	33798924	33798925	+		1	m1A-seq	PDCD6IP,PDCD6IP,PDCD6IP,PDCD6IP,PDCD6IP,PDCD6IP,PDCD6IP
3	45689013	45689014	-		1	m1A-MAP-seq	tRNA-Arg-CGY_,LIMD1-AS1,tRNA-Arg-ACG-2-1
3	47411924	47411925	+		1	m1A-seq	PTPN23,PTPN23
3	47852525	47852526	-		1	m1A-seq	MAP4,MAP4,MAP4,MAP4,MAP4
3	48464642	48464643	+		1	m1A-seq	ATRIP,ATRIP,ATRIP,ATRIP,ATRIP,ATRIP,ATRIP
3	48609663	48609664	-		1	m1A-MAP-seq	UQCRC1
3	49674350	49674351	+		1	m1A-MAP-seq	APEH,APEH,APEH
3	50088918	50088919	+		1	m1A-MAP-seq	RBM5,RBM6,RBM5,RBM5
3	57556597	57556598	+		1	m1A-seq	PDE12,PDE12
3	62322010	62322011	+		1	m1A-seq	C3orf14,C3orf14,C3orf14,C3orf14,C3orf14,C3orf14,C3orf14
3	87097219	87097220	+		1	m1A-MAP-seq	AC107204.1,AC107204.1,AC107204.1,AC107204.1
3	98901141	98901142	-		1	m1A-seq	DCBLD2,DCBLD2,DCBLD2
3	104160694	104160695	-		1	m1A-seq	tRNA-Glu-GAG_
3	127573626	127573627	-		1	m1A-seq	TPRA1,TPRA1,TPRA1,TPRA1,TPRA1,TPRA1,TPRA1
3	132229114	132229115	-		1	m1A-MAP-seq	tRNA-Cys-TGY,tRNA-Cys-GCA-6-1,CPNE4
3	132231812	132231813	-		1	m1A-seq	tRNA-Cys-TGY,tRNA-Cys-GCA-9-1,CPNE4
3	133805809	133805810	+		1	m1A-MAP-seq	SRPRB,SRPRB
3	134371040	134371041	-		1	m1A-seq	AMOTL2,AMOTL2,AMOTL2,AMOTL2,AMOTL2,AMOTL2,AMOTL2,AMOTL2,AMOTL2
3	141947506	141947507	-		1	m1A-MAP-seq	TFDP2,TFDP2,AluSc8
3	156540415	156540416	-		1	m1A-MAP-seq	SSR3
3	160565570	160565571	-		1	m1A-MAP-seq	KPNA4,KPNA4
3	169772286	169772287	+		2	m1A-seq,na	tRNA-Val-GTY,tRNA-Val-AAC-1-1
3	184182843	184182844	+		1	m1A-seq	AP2M1,AP2M1,AP2M1,AP2M1,AP2M1,AP2M1,AP2M1
3	184242884	184242885	-		1	m1A-seq	ALG3,ALG3,ALG3,ALG3,ALG3,ALG3,ALG3
3	184363360	184363361	+		1	m1A-MAP-seq	POLR2H,POLR2H,POLR2H,POLR2H,POLR2H,POLR2H
3	185499034	185499035	-		1	m1A-MAP-seq	TMEM41A,TMEM41A,TMEM41A
3	196082089	196082090	-		1	m1A-MAP-seq	TFRC,TFRC,TFRC,TFRC,TFRC
4	1738315	1738316	+		1	m1A-seq	TACC3,TACC3,TACC3,TACC3,TACC3,TACC3,TACC3,TACC3
4	2836508	2836509	+		1	m1A-seq	SH3BP2,SH3BP2,MIR3
4	3125598	3125599	+		1	m1A-seq	HTT
4	25234069	25234070	+		1	m1A-seq	PI4K2B,AC104662.2
4	41935136	41935137	+		1	m1A-MAP-seq	TMEM33,TMEM33,TMEM33
4	70839889	70839890	-		1	m1A-MAP-seq	GRSF1,GRSF1
4	73091400	73091401	-		1	m1A-seq	ANKRD17,ANKRD17,ANKRD17,ANKRD17
4	75673411	75673412	-		1	m1A-MAP-seq	G3BP2,G3BP2,G3BP2,G3BP2,G3BP2
4	75724840	75724841	+		1	m1A-seq	USO1,USO1
4	102827550	102827551	-		1	m1A-MAP-seq	UBE2D3,UBE2D3,UBE2D3,UBE2D3,UBE2D3,UBE2D3,UBE2D3,UBE2D3,UBE2D3,UBE2D3,UBE2D3,UBE2D3,UBE2D3,UBE2D3,UBE2D3,UBE2D3
4	118279313	118279314	+		1	m1A-seq	SNHG8,SNHG8,SNHG8,SNORA24,SNHG8,SNHG8,SNHG8
4	153358571	153358572	+		1	m1A-seq	MND1,MND1,MND1,MND1,MND1
4	190067664	190067665	+		1	m1A-MAP-seq	DBET,(CCC)n
5	218310	218311	+		1	m1A-MAP-seq	AC021087.5,SDHA,SDHA,SDHA
5	467096	467097	+		1	m1A-seq	EXOC3,EXOC3,EXOC3,EXOC3
5	10258128	10258129	+		1	m1A-seq	CCT5,CCT5,CCT5,CCT5,CCT5,CCT5,CCT5,CCT5,CCT5,CCT5,CCT5
5	32585556	32585557	+		1	m1A-MAP-seq	SUB1,SUB1,SUB1,SUB1
5	36876693	36876694	-		1	m1A-MAP-seq	NIPBL-DT
5	58541971	58541972	-		1	m1A-MAP-seq	L1PA3,LINC02108
5	62306205	62306206	+		1	m1A-MAP-seq	KIF2A,KIF2A
5	69123370	69123371	+		1	m1A-seq	SLC30A5,SLC30A5,SLC30A5,SLC30A5,SLC30A5
5	80627604	80627605	-		1	m1A-MAP-seq	AluJb,DHFR
5	80650101	80650102	-		2	m1A-MAP-seq,m1A-seq	DHFR,DHFR,DHFR,LSU-rRNA_Hsa,DHFR,DHFR,DHFR,DHFR
5	80650341	80650342	-		1	m1A-MAP-seq	DHFR,DHFR,DHFR,DHFR,DHFR,DHFR,DHFR
5	80650684	80650685	-		1	m1A-MAP-seq	DHFR,DHFR,DHFR,DHFR,DHFR,DHFR,DHFR
5	80650981	80650982	-		1	m1A-MAP-seq	DHFR,DHFR,DHFR,DHFR,DHFR,DHFR,DHFR
5	80876377	80876378	+		1	m1A-MAP-seq	AluSx,MSH3
5	88268797	88268798	-		1	m1A-seq	TMEM161B,TMEM161B,TMEM161B,TMEM161B,TMEM161B,TMEM161B,TMEM161B,TMEM161B,TMEM161B,TMEM161B,TMEM161B,TMEM161B
5	95852415	95852416	+		1	m1A-MAP-seq	LINC01554,LTR12C,LINC01554
5	119452496	119452497	+		1	m1A-MAP-seq	HSD17B4,HSD17B4,HSD17B4,HSD17B4,HSD17B4,HSD17B4,HSD17B4
5	127044832	127044833	-		1	m1A-MAP-seq	C5orf63,FLAM_C
5	134928096	134928097	+		1	m1A-MAP-seq	PCBD2,PCBD2,PCBD2,AC008670.1,PCBD2
5	138338265	138338266	+		1	m1A-MAP-seq	FAM53C,FAM53C,FAM53C,FAM53C,FAM53C,FAM53C,FAM53C
5	139561323	139561324	+		1	m1A-MAP-seq	UBE2D2,UBE2D2
5	142394485	142394486	-		1	m1A-MAP-seq	tRNA-Asp-GAY,tRNA-Asp-GTC-5-1
5	173235205	173235206	-		1	m1A-MAP-seq	NKX2-5,NKX2-5,NKX2-5,NKX2-5
5	179801890	179801891	-		1	m1A-seq	MGAT4B,MGAT4B,MGAT4B,MGAT4B,MGAT4B,MGAT4B,MGAT4B,MGAT4B,MGAT4B,MGAT4B
5	179820904	179820905	+		1	m1A-MAP-seq	SQSTM1,SQSTM1,SQSTM1,SQSTM1,SQSTM1,SQSTM1,SQSTM1,SQSTM1,SQSTM1
5	180802840	180802841	-		1	m1A-MAP-seq	MGAT1,MGAT1,MGAT1,MGAT1,MGAT1,MGAT1,MGAT1,MGAT1,MGAT1,MGAT1,MGAT1,MGAT1,MGAT1,MGAT1
5	181101905	181101906	+		1	m1A-seq	tRNA-Leu-AAG-1-2,tRNA-Leu-CTY
5	181207811	181207812	+		1	m1A-seq	tRNA-Lys-CTT-2-2,tRNA-Lys-AAG
6	2765947	2765948	+		1	m1A-seq	WRNIP1,WRNIP1,WRNIP1
6	3157543	3157544	-		1	m1A-MAP-seq	TUBB2A
6	4135596	4135597	-		1	m1A-MAP-seq	ECI2,ECI2
6	10410272	10410273	-		1	m1A-seq	TFAP2A,TFAP2A,TFAP2A,TFAP2A,TFAP2A,TFAP2A,TFAP2A,TFAP2A,TFAP2A,TFAP2A,TFAP2A,TFAP2A,TFAP2A,TFAP2A,TFAP2A,TFAP2A
6	21595924	21595925	+		2	m1A-MAP-seq,m1A-seq	SOX4
6	26156577	26156578	+		1	m1A-seq	HIST1H1E
6	26305504	26305505	-		2	m1A-MAP-seq,m1A-seq	tRNA-Ser-AGY,tRNA-Ser-GCT-6-1
6	26312610	26312611	-		2	m1A-MAP-seq,na	tRNA-Ser-TGA-3-1,tRNA-Ser-TCA_
6	26322874	26322875	+		1	m1A-seq	tRNA-Arg-CGA,tRNA-Arg-TCG-2-1
6	26327654	26327655	+		2	m1A-seq,na	tRNA-Ser-TCY,tRNA-Ser-AGA-2-1
6	26521274	26521275	+		1	m1A-seq	tRNA-Leu-CAG-1-7,tRNA-Leu-CTG
6	26538349	26538350	+		1	m1A-MAP-seq	intergenic
6	26553558	26553559	+		1	m1A-seq	tRNA-Ala-CGC-1-1,tRNA-Ala-GCG
6	26556602	26556603	+		1	m1A-seq	tRNA-Lys-AAG,tRNA-Lys-CTT-2-4
6	26568932	26568933	+		2	m1A-MAP-seq,m1A-seq	tRNA-Tyr-TAC,tRNA-Tyr-GTA-1-1
6	26571878	26571879	-		2	m1A-seq,na	tRNA-Ala-AGC-11-1,tRNA-Ala-GCY
6	26575643	26575644	+		1	m1A-MAP-seq	tRNA-Tyr-TAC,tRNA-Tyr-GTA-8-1
6	26577176	26577177	+		2	m1A-MAP-seq,m1A-seq	tRNA-Tyr-TAC,tRNA-Tyr-GTA-3-1
6	26594946	26594947	+		2	m1A-MAP-seq,m1A-seq	tRNA-Tyr-GTA-6-1,tRNA-Tyr-TAC
6	26673418	26673419	+		1	m1A-MAP-seq	tRNA-Ala-AGC-14-1,tRNA-Ala-GCY
6	26705412	26705413	+		1	m1A-seq	tRNA-Ala-GCY,tRNA-Ala-AGC-13-1
6	26721006	26721007	-		1	m1A-MAP-seq	tRNA-Ile-ATT,tRNA-Ile-AAT-7-1
6	26730590	26730591	+		1	m1A-seq	tRNA-Ala-GCY,tRNA-Ala-AGC-9-1
6	26743319	26743320	+		1	m1A-seq	tRNA-Met,tRNA-Met-CAT-4-2
6	26749926	26749927	-		2	m1A-MAP-seq,m1A-seq	tRNA-Ala-AGC-21-1,tRNA-Ala-GCY
6	26756609	26756610	+		2	m1A-MAP-seq,m1A-seq	tRNA-Ile-AAT-6-1,tRNA-Ile-ATT
6	26771094	26771095	-		1	m1A-seq	tRNA-Ala-AGC-9-2,tRNA-Ala-GCY
6	26773575	26773576	-		2	m1A-MAP-seq,m1A-seq	tRNA-Ala-AGC-18-2,tRNA-Ala-GCY
6	27020423	27020424	+		1	m1A-MAP-seq	tRNA-Ile-ATA,tRNA-Ile-TAT-2-2,LINC00240,LINC00240
6	27097371	27097372	+		1	m1A-seq	tRNA-Ser-AGY,tRNA-Ser-GCT-1-1
6	27150299	27150300	+		1	m1A-seq	tRNA-Val-CAC-9-1,tRNA-Val-GTG
6	27162328	27162329	+		1	m1A-MAP-seq	tRNA-Thr-AGT-6-1,tRNA-Thr-ACY_
6	27177229	27177230	-		1	m1A-seq	tRNA-Ile-AAT-5-2,tRNA-Ile-ATT
6	27206102	27206103	-		2	m1A-MAP-seq,m1A-seq	tRNA-Val-GTG,tRNA-Val-CAC-6-1
6	27209914	27209915	+		1	m1A-MAP-seq	tRNA-Ser-TCG,tRNA-Ser-CGA-2-1
6	27215229	27215230	+		1	m1A-seq	tRNA-Arg-CGY_,tRNA-Arg-ACG-2-3
6	27230569	27230570	-		2	m1A-MAP-seq,m1A-seq	tRNA-Leu-TTA,tRNA-Leu-TAA-4-1
6	27235565	27235566	+		2	m1A-MAP-seq,m1A-seq	tRNA-Val-AAC-5-1,tRNA-Val-GTY
6	27280284	27280285	-		1	m1A-MAP-seq	tRNA-Val-CAC-2-1,tRNA-Val-GTG
6	27290682	27290683	+		2	m1A-MAP-seq,m1A-seq	tRNA-Val-TAC-4-1,tRNA-Val-GTG
6	27295488	27295489	+		3	m1A-MAP-seq,m1A-seq,na	tRNA-Gln-CAG,tRNA-Gln-CTG-5-1
6	27298061	27298062	+		2	m1A-MAP-seq,m1A-seq	tRNA-Ser-AGY,tRNA-Ser-GCT-2-1
6	27303812	27303813	-		1	m1A-seq	tRNA-Thr-CGT-6-1,tRNA-Met-i,POM121L2
6	27335004	27335005	-		2	m1A-MAP-seq,m1A-seq	tRNA-Lys-AAA,tRNA-Lys-TTT-6-1
6	27505842	27505843	-		2	m1A-MAP-seq,m1A-seq	tRNA-Ser-TGA-4-1,AL021918.3,tRNA-Ser-TCA_
6	27519584	27519585	+		2	m1A-seq,na	tRNA-Gln-CAG,tRNA-Gln-CTG-1-2
6	27532273	27532274	+		2	m1A-MAP-seq,na	tRNA-Ser-TCY,tRNA-Ser-AGA-3-1
6	27547766	27547767	-		1	m1A-seq	tRNA-Gln-CTG-2-1,tRNA-Gln-CAG
6	27553427	27553428	-		2	m1A-MAP-seq,na	tRNA-Ser-TCY,tRNA-Ser-AGA-4-1
6	27562254	27562255	+		1	m1A-seq	tRNA-Arg-AGA,tRNA-Arg-TCT-5-1
6	27576123	27576124	+		2	m1A-MAP-seq,m1A-seq	tRNA-Lys-AAA,tRNA-Lys-TTT-9-1
6	27583471	27583472	-		2	m1A-MAP-seq,m1A-seq	tRNA-Asp-GAY,tRNA-Asp-GTC-3-1
6	27583519	27583520	-		1	m1A-MAP-seq	tRNA-Asp-GTC-3-1,tRNA-Asp-GAY
6	27591828	27591829	-		1	m1A-seq	tRNA-Lys-TTT-4-1,tRNA-Lys-AAA
6	27592835	27592836	-		2	m1A-seq,na	tRNA-Met-i,tRNA-iMet-CAT-1-6
6	27602583	27602584	-		1	m1A-MAP-seq	tRNA-Leu-CAA-3-1,tRNA-Leu-TTG
6	27605652	27605653	-		2	m1A-MAP-seq,m1A-seq	tRNA-Leu-TTG,tRNA-Leu-CAA-2-1
6	27618413	27618414	+		2	m1A-MAP-seq,m1A-seq	tRNA-Thr-ACA,tRNA-Thr-CGT-5-1
6	27631498	27631499	+		2	m1A-MAP-seq,m1A-seq	tRNA-Ile-ATA,tRNA-Ile-TAT-2-3
6	27650942	27650943	-		1	m1A-MAP-seq	tRNA-Val-GTY,tRNA-Val-AAC-3-1
6	27650966	27650967	-		1	m1A-seq	tRNA-Val-GTY,tRNA-Val-AAC-3-1
6	27668640	27668641	+		2	m1A-MAP-seq,m1A-seq	tRNA-Ile-ATT,tRNA-Ile-AAT-8-1
6	27670579	27670580	-		1	m1A-seq	tRNA-Arg-CGY_,tRNA-Arg-ACG-2-4
6	27672464	27672465	-		2	m1A-MAP-seq,m1A-seq	tRNA-Ser-CGA-3-1,tRNA-Ser-TCG
6	27681120	27681121	-		1	m1A-seq	tRNA-Val-AAC-4-1,tRNA-Val-GTY
6	27688245	27688246	+		1	m1A-seq	tRNA-Ile-AAT-2-1,tRNA-Ile-ATT
6	27721133	27721134	-		2	m1A-MAP-seq,m1A-seq	tRNA-Leu-TAA-2-1,tRNA-Leu-TTA
6	27726751	27726752	+		2	m1A-MAP-seq,m1A-seq	tRNA-Thr-AGT-4-1,tRNA-Thr-ACY_
6	27728562	27728563	-		1	m1A-MAP-seq	tRNA-Val-CAC-7-1,tRNA-Val-GTG
6	27777940	27777941	+		2	m1A-MAP-seq,m1A-seq	tRNA-iMet-CAT-2-1,tRNA-Met-i
6	27791370	27791371	-		3	m1A-MAP-seq,m1A-seq,na	tRNA-Gln-CTG-6-1,tRNA-Gln-CAA
6	27795875	27795876	-		2	m1A-MAP-seq,na	tRNA-Gln-TTG-3-3,tRNA-Gln-CAA
6	27902922	27902923	-		2	m1A-seq,na	tRNA-Gly-GCC-2-3,tRNA-Gly-GGY
6	28136843	28136844	-		1	m1A-MAP-seq	ZSCAN16-AS1,ZSCAN16-AS1
6	28213102	28213103	+		2	m1A-MAP-seq,m1A-seq	tRNA-Ser-GCT-5-1,tRNA-Ser-AGY
6	28474566	28474567	-		2	m1A-MAP-seq,m1A-seq	tRNA-Thr-TGT-1-1,tRNA-Thr-ACG_
6	28478637	28478638	-		2	m1A-MAP-seq,m1A-seq	tRNA-Leu-AAG-4-1,tRNA-Leu-CTY
6	28489007	28489008	-		2	m1A-MAP-seq,m1A-seq	tRNA-Thr-CGT-1-1,tRNA-Thr-ACG_
6	28537667	28537668	+		1	m1A-seq	tRNA-Ile-TAT-3-1,tRNA-Ile-ATA
6	28543128	28543129	-		2	m1A-MAP-seq,m1A-seq	tRNA-Arg-CGA,tRNA-Arg-TCG-5-1
6	28589434	28589435	+		1	m1A-seq	tRNA-Gln-TTG-2-1,AL049543.1,tRNA-Gln-CAA
6	28607211	28607212	+		1	m1A-seq	tRNA-Ala-AGC-3-1,tRNA-Ala-GCY_
6	28648221	28648222	-		2	m1A-MAP-seq,m1A-seq	tRNA-Thr-CGT-3-1,tRNA-Thr-ACG_
6	28658251	28658252	-		2	m1A-MAP-seq,m1A-seq	tRNA-Ala-AGC-4-1,tRNA-Ala-GCY_
6	28658272	28658273	-		1	m1A-seq	tRNA-Ala-AGC-4-1,tRNA-Ala-GCY_
6	28673850	28673851	-		2	m1A-MAP-seq,m1A-seq	tRNA-Ala-GCG,tRNA-Ala-CGC-2-1
6	28719759	28719760	+		1	m1A-MAP-seq	tRNA-Ala-AGC-7-1,tRNA-Ala-GCY_
6	28726075	28726076	+		2	m1A-MAP-seq,m1A-seq	tRNA-Thr-ACY_,tRNA-Thr-AGT-3-1
6	28729370	28729371	+		2	m1A-MAP-seq,m1A-seq	tRNA-Ala-GCY_,tRNA-Ala-CGC-4-1
6	28735443	28735444	-		2	m1A-MAP-seq,m1A-seq	tRNA-Val-AAC-6-1,tRNA-Ala-GCY_
6	28742966	28742967	-		1	m1A-seq	tRNA-Arg-CGG,tRNA-Arg-CCG-1-1
6	28747800	28747801	+		2	m1A-MAP-seq,m1A-seq	tRNA-Lys-AAA,tRNA-Lys-TTT-7-1
6	28758378	28758379	-		2	m1A-MAP-seq,m1A-seq	tRNA-Ala-TGC-6-1,tRNA-Ala-GCA
6	28764443	28764444	+		2	m1A-MAP-seq,na	tRNA-Phe-GAA-5-1,tRNA-Phe-TTY
6	28789784	28789785	-		2	m1A-MAP-seq,m1A-seq	tRNA-Ala-TGC-1-1,tRNA-Ala-GCA
6	28790736	28790737	-		2	m1A-seq,na	tRNA-Phe-GAA-1-1,tRNA-Phe-TTY
6	28795978	28795979	-		2	m1A-MAP-seq,m1A-seq	tRNA-Ala-AGC-1-1,tRNA-Ala-GCY_
6	28802814	28802815	-		1	m1A-seq	tRNA-Ala-TGC-7-1,tRNA-Ala-GCA
6	28807847	28807848	-		1	m1A-seq	tRNA-Phe-TTY,tRNA-Phe-GAA-3-1
6	28812086	28812087	-		2	m1A-MAP-seq,m1A-seq	tRNA-Ala-GCY_,tRNA-Ala-AGC-6-1
6	28812107	28812108	-		1	m1A-seq	tRNA-Ala-AGC-6-1,tRNA-Ala-GCY_
6	28817249	28817250	-		2	m1A-MAP-seq,m1A-seq	tRNA-Ala-TGC-5-1,tRNA-Ala-GCA
6	28823330	28823331	-		1	m1A-MAP-seq	tRNA-Phe-TTY,tRNA-Phe-GAA-4-1
6	28863699	28863700	-		1	m1A-seq	LINC01623,tRNA-Ala-AGC-2-2,tRNA-Ala-GCY_
6	28896237	28896238	-		1	m1A-MAP-seq	tRNA-Leu-TTG,tRNA-Leu-CAA-1-1
6	28923984	28923985	-		1	m1A-MAP-seq	TRIM27,TRIM27
6	28941141	28941142	+		2	m1A-MAP-seq,m1A-seq	tRNA-Leu-CAA-1-2,tRNA-Leu-TTG
6	28944631	28944632	+		2	m1A-MAP-seq,m1A-seq	tRNA-Met_,tRNA-Met-CAT-3-1
6	28951085	28951086	+		1	m1A-seq	tRNA-Lys-TTT-3-3,tRNA-Lys-AAA
6	28982254	28982255	+		1	m1A-seq	tRNA-Glu-GAG_,tRNA-Glu-CTC-1-6
6	28989067	28989068	+		2	m1A-MAP-seq,m1A-seq	tRNA-Leu-AAG-3-1,tRNA-Leu-CTY
6	29889345	29889346	+		1	m1A-seq	HLA-H
6	29942531	29942532	+		1	m1A-MAP-seq	HLA-A,HLA-A,HLA-A
6	30617242	30617243	-		1	m1A-MAP-seq	PPP1R10,PPP1R10,PPP1R10
6	30690983	30690984	-		1	m1A-MAP-seq	NRM,NRM,NRM,NRM
6	30744546	30744547	-		1	m1A-MAP-seq	IER3,IER3
6	31154501	31154502	-		1	m1A-seq	CCHCR1,CCHCR1,CCHCR1,CCHCR1,CCHCR1,CCHCR1,CCHCR1,CCHCR1,CCHCR1,CCHCR1,CCHCR1,CCHCR1,CCHCR1,CCHCR1,CCHCR1,CCHCR1
6	31532985	31532986	-		1	m1A-seq	DDX39B,ATP6V1G2-DDX39B,DDX39B,DDX39B,DDX39B,DDX39B,DDX39B,DDX39B,DDX39B,DDX39B,DDX39B
6	31539216	31539217	-		1	m1A-seq	DDX39B,DDX39B,DDX39B,DDX39B,DDX39B,DDX39B,DDX39B,DDX39B,DDX39B,ATP6V1G2-DDX39B,DDX39B,DDX39B,DDX39B,DDX39B,DDX39B,DDX39B,DDX39B
6	31625207	31625208	+		1	m1A-seq	PRRC2A,PRRC2A,PRRC2A,PRRC2A
6	31642936	31642937	-		1	m1A-MAP-seq	BAG6,BAG6,BAG6,BAG6,BAG6,BAG6,BAG6,BAG6,BAG6
6	32974533	32974534	+		2	m1A-MAP-seq,m1A-seq	BRD2,BRD2,BRD2,BRD2,BRD2,BRD2,BRD2,BRD2,BRD2
6	33201813	33201814	+		1	m1A-seq	SLC39A7,SLC39A7,SLC39A7
6	33211225	33211226	+		1	m1A-seq	RING1,RING1
6	34246021	34246022	+		1	m1A-seq	HMGA1,HMGA1,HMGA1,HMGA1,HMGA1
6	35469005	35469006	+		2	m1A-MAP-seq,m1A-seq	RPL10A,RPL10A,RPL10A,RPL10A,RPL10A
6	36986056	36986057	-		1	m1A-seq	MTCH1,MTCH1,MTCH1
6	41921498	41921499	+		1	m1A-MAP-seq	BYSL
6	41936075	41936076	-		1	m1A-seq	CCND3,CCND3,CCND3,CCND3,CCND3,CCND3,CCND3,CCND3,CCND3
6	43687800	43687801	-		1	m1A-MAP-seq	intergenic
6	44247096	44247097	+		1	m1A-MAP-seq	HSP90AB1,HSP90AB1
6	53082537	53082538	+		1	m1A-seq	FBXO9,FBXO9,FBXO9,FBXO9,FBXO9
6	57792847	57792848	-		2	m1A-MAP-seq,m1A-seq	tRNA-Ala-GCY
6	57793559	57793560	-		2	m1A-MAP-seq,m1A-seq	tRNA-Ala-AGC-19-1,tRNA-Ala-GCY
6	57842228	57842229	-		1	m1A-seq	tRNA-Met,tRNA-Met-CAT-7-1
6	57861180	57861181	-		2	m1A-MAP-seq,m1A-seq	tRNA-Ala-AGC-17-1,tRNA-Ala-GCY
6	61574311	61574312	+		1	m1A-MAP-seq	intergenic
6	61574526	61574527	+		1	m1A-MAP-seq	intergenic
6	100625275	100625276	-		1	m1A-seq	ASCC3
6	100881328	100881329	-		1	m1A-MAP-seq	ASCC3,ASCC3,ASCC3,ASCC3
6	111873451	111873452	-		1	m1A-MAP-seq	FYN
6	125302001	125302002	-		1	m1A-seq	HDDC2,HDDC2
6	143503956	143503957	-		1	m1A-seq	FUCA2,FUCA2
6	144216613	144216614	+		2	m1A-MAP-seq,m1A-seq	tRNA-Leu-TTA,tRNA-Leu-TAA-1-1
6	145182778	145182779	+		1	m1A-MAP-seq	tRNA-Gln-TTG-4-1,tRNA-Gln-CAA
6	159727518	159727519	+		1	m1A-MAP-seq	WTAP,WTAP,WTAP,WTAP
6	160073386	160073387	+		1	m1A-seq	IGF2R,IGF2R,IGF2R
6	169701744	169701745	-		1	m1A-seq	WDR27,WDR27,WDR27,WDR27,AL031315.1,WDR27,WDR27,WDR27,WDR27,WDR27,WDR27
7	1476651	1476652	-		2	m1A-MAP-seq,m1A-seq	INTS1
7	6059174	6059175	-		1	m1A-MAP-seq	EIF2AK1,EIF2AK1
7	16646180	16646181	+		1	m1A-MAP-seq	BZW2,BZW2,BZW2,BZW2,BZW2,BZW2,BZW2
7	25125263	25125264	-		1	m1A-MAP-seq	CYCS
7	27182419	27182420	-		1	m1A-MAP-seq	HOXA11,HOXA11
7	32490384	32490385	-		1	m1A-MAP-seq	LSM5,LSM5,LSM5
7	43869520	43869521	-		1	m1A-MAP-seq	MRPS24,URGCP-MRPS24
7	54759232	54759233	-		1	m1A-MAP-seq	SEC61G,SEC61G,SEC61G
7	56051764	56051765	+		1	m1A-MAP-seq	CCT6A,CCT6A
7	87152452	87152453	+		1	m1A-MAP-seq	DMTF1,DMTF1,DMTF1,DMTF1,DMTF1,DMTF1,DMTF1,DMTF1,DMTF1,DMTF1,DMTF1,DMTF1,DMTF1,DMTF1,DMTF1
7	97852316	97852317	-		1	m1A-seq	ASNS,ASNS,AC079781.5,ASNS,AC079781.5,AC079781.5,ASNS,ASNS,ASNS,ASNS,ASNS,ASNS
7	97854596	97854597	-		1	m1A-seq	ASNS,ASNS,ASNS,ASNS,AC079781.5,AC079781.5,ASNS,ASNS,AC079781.5,ASNS,ASNS,ASNS
7	99469739	99469740	+		1	m1A-MAP-seq	tRNA-Trp-CCA-5-1,tRNA-Trp-TGG
7	100430787	100430788	+		1	m1A-seq	MEPCE,MEPCE,MEPCE,MEPCE
7	101217181	101217182	-		1	m1A-seq	PLOD3,PLOD3,PLOD3,PLOD3
7	102467450	102467451	+		1	m1A-seq	LRWD1,LRWD1,LRWD1,LRWD1,LRWD1
7	102637296	102637297	-		1	m1A-MAP-seq	UPK3BL1,AC105052.4,AC105052.1,AC105052.3
7	116210548	116210549	+		1	m1A-MAP-seq	TES,TES,TES,TES
7	127704898	127704899	+		1	m1A-seq	SND1
7	127990971	127990972	+		1	m1A-seq	SND1,SND1,SND1,SND1,SND1
7	128074562	128074563	+		1	m1A-seq	SND1,SND1,SND1,SND1,SND1
7	128457796	128457797	+		1	m1A-MAP-seq	HILPDA,HILPDA,AluSx1,AC010655.4,AC010655.2,HILPDA,HILPDA
7	139047063	139047064	-		1	m1A-MAP-seq	ZC3HAV1,ZC3HAV1
7	139340756	139340757	+		2	m1A-MAP-seq,m1A-seq	FMC1,FMC1,FMC1,tRNA-Arg-CCT-4-1,FMC1,tRNA-Arg-AGG,LUC7L2
7	142666630	142666631	+		1	m1A-MAP-seq	MTRNR2L6
7	142667214	142667215	+		1	m1A-MAP-seq	MTRNR2L6
7	143382629	143382630	+		1	m1A-seq	ZYX,ZYX,ZYX,ZYX,ZYX,ZYX,ZYX
7	149225097	149225098	+		1	m1A-seq	ZNF282
7	149310245	149310246	+		1	m1A-MAP-seq	tRNA-Cys-GCA-1-1,tRNA-Cys-TGY
7	149355689	149355690	-		1	m1A-seq	tRNA-Cys-TGY,tRNA-Cys-GCA-13-1
7	149375773	149375774	-		1	m1A-MAP-seq	tRNA-Cys-TGY,tRNA-Cys-GCA-18-1
7	149415152	149415153	-		1	m1A-MAP-seq	tRNA-Cys-GCA-11-1,tRNA-Cys-TGY
7	149432418	149432419	-		1	m1A-seq	ZNF777
7	149546595	149546596	+		2	m1A-MAP-seq,m1A-seq	tRNA-Cys-TGY,tRNA-Cys-GCA-16-1
7	149556766	149556767	+		1	m1A-MAP-seq	tRNA-Cys-TGY,tRNA-Cys-GCA-22-1
7	149584780	149584781	+		1	m1A-seq	tRNA-Cys-TGY,tRNA-Cys-GCA-15-1
7	149595228	149595229	-		2	m1A-MAP-seq,m1A-seq	ZNF767P,ZNF767P,ZNF767P,ZNF767P,tRNA-Cys-TGY,tRNA-Cys-GCA-23-1
7	149608431	149608432	+		1	m1A-MAP-seq	tRNA-Cys-TGY,tRNA-Ser-AGA-5-1
7	149613079	149613080	-		1	m1A-MAP-seq	ZNF767P,ZNF767P,tRNA-Cys-GCA-19-1,ZNF767P,ZNF767P,tRNA-Cys-TGY
7	149646969	149646970	-		2	m1A-MAP-seq,m1A-seq	tRNA-Cys-GCA-12-1,tRNA-Cys-TGY
7	149664879	149664880	+		2	m1A-MAP-seq,m1A-seq	tRNA-Cys-TGY,tRNA-Cys-GCA-21-1
7	149691195	149691196	-		1	m1A-seq	tRNA-Cys-TGY,tRNA-Cys-GCA-17-1
7	151233501	151233502	+		2	m1A-MAP-seq,m1A-seq	CHPF2,CHPF2,CHPF2
7	151341811	151341812	+		1	m1A-MAP-seq	NUB1,NUB1,NUB1,NUB1
7	151519701	151519702	-		1	m1A-seq	RHEB,RHEB,RHEB
8	731181	731182	-		1	m1A-MAP-seq	ERICH1,ERICH1,ERICH1
8	22141884	22141885	-		1	m1A-seq	REEP4,REEP4,REEP4
8	27772529	27772530	-		1	m1A-seq	CCDC25,CCDC25,CCDC25,CCDC25,CCDC25,CCDC25,CCDC25,CCDC25,CCDC25
8	33485181	33485182	+		1	m1A-MAP-seq	MAK16,MAK16,MAK16
8	37695753	37695754	+		1	m1A-MAP-seq	intergenic
8	37695888	37695889	+		1	m1A-seq	ZNF703
8	38468485	38468486	-		2	m1A-MAP-seq,m1A-seq	FGFR1,FGFR1,FGFR1,FGFR1,FGFR1,FGFR1,FGFR1,FGFR1,FGFR1
8	42338490	42338491	+		1	m1A-MAP-seq	POLB,POLB,POLB
8	54135327	54135328	+		1	m1A-seq	MRPL15,MRPL15
8	60281422	60281423	-		1	m1A-MAP-seq	intergenic
8	63212005	63212006	+		1	m1A-seq	YTHDF3,YTHDF3,YTHDF3,YTHDF3,YTHDF3
8	66113443	66113444	+		3	m1A-MAP-seq,m1A-seq,na	tRNA-Tyr-TAC,AC084082.1,AC084082.1,tRNA-Tyr-GTA-5-1
8	66114060	66114061	+		2	m1A-MAP-seq,na	AC084082.1,AC084082.1,tRNA-Tyr-TAC,tRNA-Tyr-GTA-5-2
8	66114245	66114246	+		2	m1A-seq,na	AC084082.1,tRNA-Ala-GCY,AC084082.1,tRNA-Ala-AGC-8-2
8	73441319	73441320	+		1	m1A-MAP-seq	STAU2-AS1,AluSx
8	95269671	95269672	-		2	m1A-seq,na	tRNA-Ser-AGA-2-5,tRNA-Ser-TCY
8	100559758	100559759	-		1	m1A-MAP-seq	ANKRD46,ANKRD46,ANKRD46
8	102864050	102864051	-		1	m1A-seq	AZIN1,AZIN1,AZIN1,AZIN1,AZIN1
8	109540183	109540184	+		1	m1A-MAP-seq	EBAG9,EBAG9,EBAG9,EBAG9,EBAG9
8	116863208	116863209	-		1	m1A-seq	RAD21,RAD21,RAD21,RAD21,RAD21,RAD21,RAD21
8	123157244	123157245	-		2	m1A-seq,na	tRNA-Met-CAT-1-1,tRNA-Met_
8	124539268	124539269	+		1	m1A-seq	NDUFB9,NDUFB9,NDUFB9,NDUFB9,NDUFB9
8	143829368	143829369	-		1	m1A-MAP-seq	PUF60
8	144316477	144316478	-		1	m1A-seq	DGAT1,DGAT1,DGAT1
8	144358563	144358564	+		1	m1A-MAP-seq	SLC52A2,SLC52A2,SLC52A2
8	144512001	144512002	-		1	m1A-seq	RECQL4,RECQL4,RECQL4,RECQL4,RECQL4
8	144513293	144513294	-		1	m1A-seq	RECQL4,RECQL4,RECQL4
8	144527095	144527096	-		1	m1A-MAP-seq	C8orf82,C8orf82,C8orf82
9	4710438	4710439	-		1	m1A-MAP-seq	AK3,AK3,AluY
9	9442272	9442273	+		1	m1A-seq	RN7SL5P,7SLRNA
9	25678025	25678026	-		1	m1A-seq	TUSC1
9	33470155	33470156	-		1	m1A-seq	NOL6,NOL6,NOL6,NOL6
9	35659044	35659045	-		1	m1A-seq	ARHGEF39,MIR,ARHGEF39
9	62838674	62838675	+		1	m1A-MAP-seq	TAR1
9	74903088	74903089	-		1	m1A-MAP-seq	tRNA-Asp-GTC-4-1,tRNA-Asp-GAY
9	74903136	74903137	-		1	m1A-MAP-seq	tRNA-Asp-GAY,tRNA-Asp-GTC-4-1
9	76394230	76394231	-		1	m1A-seq	RFK,RFK,RFK
9	79571964	79571965	+		1	m1A-MAP-seq	TLE4,TLE4,TLE4
9	101398613	101398614	-		1	m1A-MAP-seq	MRPL50
9	107324886	107324887	+		1	m1A-seq	RAD23B,RAD23B,RAD23B
9	111661713	111661714	+		1	m1A-seq	GNG10,DNAJC25-GNG10
9	113376985	113376986	-		1	m1A-MAP-seq	HDHD3
9	123381074	123381075	-		1	m1A-MAP-seq	DENND1A,DENND1A
9	125149876	125149877	-		1	m1A-seq	PPP6C,PPP6C,PPP6C
9	127789433	127789434	+		1	m1A-seq	CDK9
9	128340090	128340091	-		2	m1A-MAP-seq,m1A-seq	tRNA-Arg-TCT-3-1,tRNA-Arg-AGA
9	128584396	128584397	+		1	m1A-seq	SPTAN1,SPTAN1,SPTAN1,SPTAN1,SPTAN1,SPTAN1,SPTAN1
9	128633296	128633297	+		1	m1A-seq	SPTAN1,SPTAN1,SPTAN1,SPTAN1,SPTAN1,SPTAN1,SPTAN1,SPTAN1,SPTAN1
9	131121707	131121708	+		2	m1A-MAP-seq,m1A-seq	AIF1L,AIF1L,AIF1L,AIF1L,AIF1L
9	131495974	131495975	+		1	m1A-seq	PRRC2B,PRRC2B,PRRC2B,PRRC2B,PRRC2B,PRRC2B
9	131884082	131884083	-		1	m1A-seq	MED27,MED27,MED27
9	133052132	133052133	+		1	m1A-seq	GTF3C5,GTF3C5,GTF3C5,GTF3C5,GTF3C5,GTF3C5
9	133357748	133357749	+		1	m1A-seq	SURF2,SURF2,SURF2
9	136392771	136392772	-		1	m1A-seq	SNAPC4,SNAPC4
9	136866311	136866312	-		1	m1A-MAP-seq	intergenic
9	137069907	137069908	-		2	m1A-MAP-seq,m1A-seq	SAPCD2
9	137070302	137070303	-		1	m1A-seq	SAPCD2
9	137205625	137205626	-		1	m1A-seq	TMEM203
9	137218185	137218186	+		1	m1A-seq	BX255925.3
9	137835426	137835427	+		1	m1A-seq	EHMT1,EHMT1,EHMT1,EHMT1,EHMT1,EHMT1
M	584	585	+		1	m1A-seq	MT-TF
M	928	929	+		1	m1A-seq	MT-RNR1
M	1079	1080	+		1	m1A-seq	MT-RNR1
M	1136	1137	+		1	m1A-seq	MT-RNR1
M	1609	1610	+		1	m1A-seq	MT-TV
M	2032	2033	+		1	m1A-seq	MT-RNR2
M	2616	2617	+		1	m1A-seq	LSU-rRNA_Hsa,MT-RNR2
M	2831	2832	+		1	m1A-seq	MT-RNR2
M	3029	3030	+		1	m1A-seq	MT-RNR2
M	3288	3289	+		2	m1A-seq,na	tRNA-Leu-TTA(m),MT-TL1
M	5519	5520	+		1	m1A-seq	MT-TW
M	7374	7375	+		1	m1A-seq	MT-CO1
M	7525	7526	+		2	m1A-seq,na	MT-TD
M	7881	7882	+		1	m1A-seq	MT-CO2
M	8302	8303	+		2	m1A-seq,na	MT-TK
M	8347	8348	+		1	m1A-seq	MT-TK
M	9912	9913	+		1	m1A-seq	MT-CO3
M	9998	9999	+		1	m1A-seq	MT-TG
M	10412	10413	+		1	m1A-seq	MT-TR
M	12145	12146	+		1	m1A-seq	MT-TH
M	12273	12274	+		2	m1A-seq,na	MT-TL2
M	13709	13710	+		1	m1A-seq	MT-ND5
M	14596	14597	+		1	m1A-seq	intergenic
M	15895	15896	+		1	m1A-seq	MT-TT
M	16169	16170	+		1	m1A-seq	intergenic
M	16174	16175	+		1	m1A-seq	intergenic
M	16176	16177	+		1	m1A-seq	intergenic
X	3838391	3838392	-		1	m1A-seq	BX890604.2,tRNA-Ile-ATC,tRNA-Ile-GAT-1-1,BX890604.2,BX890604.2
X	3915244	3915245	-		1	m1A-MAP-seq	BX890604.2,tRNA-Ile-GAT-1-3,tRNA-Ile-ATC,BX890604.2
X	11111331	11111332	+		1	m1A-MAP-seq	HCCS,HCCS
X	21940701	21940702	+		1	m1A-MAP-seq	intergenic
X	41334161	41334162	+		1	m1A-MAP-seq	DDX3X,DDX3X,DDX3X,DDX3X,DDX3X,DDX3X,DDX3X,DDX3X,DDX3X,DDX3X,DDX3X,DDX3X,DDX3X,DDX3X,DDX3X,DDX3X,DDX3X,DDX3X,DDX3X,DDX3X,DDX3X,DDX3X,DDX3X,DDX3X,DDX3X,DDX3X,DDX3X,DDX3X,DDX3X,DDX3X,DDX3X,DDX3X,DDX3X,DDX3X,DDX3X
X	47145267	47145268	+		1	m1A-MAP-seq	RBM10
X	49043128	49043129	-		1	m1A-seq	TFE3,TFE3
X	53224961	53224962	-		1	m1A-seq	KDM5C,KDM5C,KDM5C,KDM5C,KDM5C,KDM5C,KDM5C,KDM5C
X	53422653	53422654	-		1	m1A-MAP-seq	SMC1A,SMC1A,SMC1A
X	54554627	54554628	+		1	m1A-seq	GNL3L,GNL3L
X	54809194	54809195	+		1	m1A-seq	MAGED2,MAGED2,MAGED2,MAGED2,MAGED2,MAGED2,MAGED2,MAGED2,MAGED2,MAGED2,MAGED2
X	54812961	54812962	+		1	m1A-seq	MAGED2,MAGED2,MAGED2,MAGED2,MAGED2,MAGED2,MAGED2,MAGED2,MAGED2,MAGED2
X	55182009	55182010	-		2	m1A-MAP-seq,m1A-seq	MTRNR2L10
X	66596593	66596594	-		1	m1A-MAP-seq	EDA2R,EDA2R,EDA2R
X	71729029	71729030	-		2	m1A-MAP-seq,m1A-seq	FLAM_C
X	74591936	74591937	-		1	m1A-seq	RLIM,RLIM
X	75156216	75156217	-		1	m1A-seq	ABCB7,ABCB7,ABCB7,ABCB7,ABCB7,ABCB7,ABCB7,ABCB7,ABCB7,ABCB7
X	78129965	78129966	-		1	m1A-seq	TAF9B,MIRc
X	100636731	100636732	-		1	m1A-MAP-seq	TSPAN6,TSPAN6,TSPAN6,TSPAN6
X	101617975	101617976	-		1	m1A-MAP-seq	ARMCX6,ARMCX6,ARMCX6,ARMCX6,ARMCX6
X	103376537	103376538	+		1	m1A-MAP-seq	BEX3,BEX3,BEX3
X	108078510	108078511	+		1	m1A-MAP-seq	AluSx,VSIG1,VSIG1
X	115527727	115527728	-		1	m1A-MAP-seq	PLS3-AS1,PLS3-AS1
X	119538687	119538688	-		1	m1A-MAP-seq	CXorf56,AluSx
X	129592368	129592369	+		2	m1A-MAP-seq,m1A-seq	OCRL,OCRL,OCRL
X	133985593	133985594	-		1	m1A-MAP-seq	GPC3,GPC3
X	135052189	135052190	-		1	m1A-MAP-seq	RTL8A
X	154358497	154358498	-		1	m1A-seq	FLNA,FLNA,FLNA,FLNA,FLNA,FLNA,FLNA,FLNA
X	154364130	154364131	-		1	m1A-seq	FLNA,FLNA,FLNA,FLNA,FLNA,FLNA
X	154765963	154765964	+		1	m1A-seq	DKC1,DKC1,DKC1,DKC1,DKC1,DKC1
